id_producto,productos_descripcion,barcode_formats,mpn,model,asin,title,category,manufacturer,brand,contributors,age_group,ingredients,nutrition_facts,energy_efficiency_class,color,gender,material,pattern,format,multipack,size,length,width,height,weight,release_date,description,features,images,last_update,stores,reviews
1111118,KONIGSBACHER CERVEZA ALEMANA DE TRIGO ,EAN-8 01111118,TRB-9HS-CS-S,22010,B00949CTQQ,Arroyo Craftsman Timber Ridge 13 Inch Tall 1 Light Outdoor Wall Light Timber Ridge - TRB-9HS-CS-S - Rustic,,Capitol Lighting,Capitol Lighting,[],,,,,,,,,,1.0,4 Fl Oz (Pack of 1),1.5748 in,1.5748 in,5.5118 in,0.24912235606 lb,,Timber Ridge 13 Inch Tall 1 Light Outdoor Wall Light by Arroyo Craftsman Timber Ridge Outdoor Wall Light by Arroyo Craftsman - TRB-9HS-CS-S.,"['GENTLE NON-ABRASIVE LEAVE-ON EXFOLIATOR: with 2% BHA (Beta hydroxy acid) to unclog & diminish enlarged pores, exfoliate dead skin cells, smooth wrinkles & brighten & even out skin tone. Combats redness, wrinkles, aging, enlarged pores, & blackheads. PACKAGING MAY VARY.', ""Dramatically improves skin's texture for radiant youthful even-toned skin. Beta hydroxy acid (BHA also known as salicylic acid) mimics the natural exfoliation process of younger skin by helping it shed extra layers while unclogging and clearing pores."", 'HYDRATE, BRIGHTEN & SMOOTH FINE LINES: Our unique, non-abrasive, leave-on exfoliant is gentle enough for daily use on all skin types. Exfoliates dead skin cells while clearing pores for a more even tone, plus it visibly reduces fine lines & wrinkles.', ""Paula's Choice facial exfoliants are gentler on delicate skin of the face & neck than an abrasive face scrub, which can cause micro-tears. A BHA leave-on exfoliator delivers hydration & can exfoliate directly inside the pore & improve how the pore works."", ""Paula's Choice Skincare makes products that work. No fragrance, no parabens, no fluff. Just effective, science-backed formulas that target any concern from wrinkles to breakouts.""]","['https://images.barcodelookup.com/32715/327152221-1.jpg', 'https://images.barcodelookup.com/32715/327152221-2.jpg', 'https://images.barcodelookup.com/32715/327152221-3.jpg', 'https://images.barcodelookup.com/32715/327152221-4.jpg', 'https://images.barcodelookup.com/32715/327152221-5.jpg', 'https://images.barcodelookup.com/32715/327152221-6.jpg', 'https://images.barcodelookup.com/32715/327152221-7.jpg', 'https://images.barcodelookup.com/32715/327152221-8.jpg', 'https://images.barcodelookup.com/32715/327152221-9.jpg']",2024-06-23 20:03:49,[],[]
3456217,Cerveza MILLER Genuine Draft 330CC BOT-0.33-lt.,EAN-8 03456217,PC-100,,B079H53D2B,Genuine Draft,"Food, Beverages & Tobacco","JB7, LLC",Miller,[],,,,,,,,,,1.0,12 FL. OZ. 355mL,4.5 in,2.4 in,2.4 in,90 g,,"Genuine Draft. Labels: Kosher, No additives, Orthodox Union Kosher. Country of origin: United States.","['60 Billion Cfus Max Strength: Our probiotic actually contains 60 Billion Cfus per serving. Other brands claim it, but beware of deception. Some products say ""equivalent to"" or do not state an amount of Cfus. We saw a need for high-quality supplements that actually work and stand by their claims. Our most popular probiotic brings you exactly what\'s on the label with 10 probiotic strains, 60 Billion Cfu, and an organic prebiotic blend.', 'Probiotics and Organic Prebiotics: Our probiotics are made with prebiotics and probiotics based on clinical research. A complete probiotic supplement for ultimate digestive health. Made with 10 probiotic strains & Non-Gmo ingredients. Shelf-stable vegan probiotics with No: unnecessary binders, soy, gluten, milk, egg, wheat, peanuts, shellfish or preservatives.', ""Naturally Inspired Probiotic Supplement: Contains 10 strains plus a Patented Shelf-Stable bottle which ensures product stability. Our probiotic daily blend plus organic prebiotic fiber blend naturally helps to support the stomach's digestive environment and supports the natural stomach balance. Great for gut health, and occasional gas relief, bloating relief, constipation, digestive health and intestinal health."", 'Probiotics for Adults: Our prebiotics and probiotics are effective and intended for use by adults. Acidophilus probiotic with prebiotic including 10 strains: Lactobacillus acidophilus, Lactobacillus casei, Lactobacillus paracasei, Lactobacillus salivarius, Lactobacillus plantarum, Bifidobacterium lactis, Bifidobacterium bifidum, Bifidobacterium longum, Bifidobacterium breve, Lactobacillus bulgaricus.', 'Safety Assured Standard of Quality: Our 60 Billion Probiotic is 3rd-party tested for purity and potency. Each bottle is manufactured in the USA using imported and domestic ingredients. Our probiotics are made for women and men. They contain 60 Billion Cfus at the time of manufacturing, more than the usual 50 Billion Cfu, plus our standard organic prebiotic blend!']","['https://images.barcodelookup.com/29822/298220109-1.jpg', 'https://images.barcodelookup.com/29822/298220109-2.jpg', 'https://images.barcodelookup.com/29822/298220109-3.jpg', 'https://images.barcodelookup.com/29822/298220109-4.jpg', 'https://images.barcodelookup.com/29822/298220109-5.jpg', 'https://images.barcodelookup.com/29822/298220109-6.jpg', 'https://images.barcodelookup.com/29822/298220109-7.jpg']",2024-06-23 17:52:32,[],[]
75001629,cerveza SOL Rubia 330cc BOT-330-cc.,EAN-8 75001629,43687,43687,B07GN2H5BS,Sol,"Food, Beverages & Tobacco","Duracell Distributing, Inc",Sol,[],,"Eau,malt,houblon,levures",Energy 40 kcal.,,,,,,,,33 cl,0.25 in,1.75 in,3.5 in,,2018-08-16,"Sol. Allergens: En:gluten. Labels: Déconseillé à certaines catégories de personnes, Point Vert, Non recommandé aux femmes enceintes, Recycle, Tidyman Wastebasket, no:Skatteklasse D. Country of origin: Australia,France,Guadeloupe,Italy,Netherlands,Norway,Sweden,Switzerland,United Kingdom.","[""Lithium Coin Battery: Duracell's 1620 3V coin batteries provide reliable, long lasting power for your medical devices, watches, toys, fitness devices, security devices, electronics and more."", 'Long Lasting Power: Duracell coin batteries are engineered for long lasting performance.', 'Child-Resistant Packaging: To help ensure the safety of your children, Duracell Lithium Coin batteries come in a child-resistant package.', 'For 10 years in Storage: Duracell Lithium Coin batteries are for 10 years in storage.', 'This Duracell 1620 lithium coin battery is equivalent to DL1620 and CR1620.']","['https://images.barcodelookup.com/32405/324052980-1.jpg', 'https://images.barcodelookup.com/32405/324052980-2.jpg', 'https://images.barcodelookup.com/32405/324052980-3.jpg', 'https://images.barcodelookup.com/32405/324052980-4.jpg', 'https://images.barcodelookup.com/32405/324052980-5.jpg', 'https://images.barcodelookup.com/32405/324052980-6.jpg', 'https://images.barcodelookup.com/32405/324052980-7.jpg']",2024-06-23 19:52:56,[],[]
75032715,cerveza CORONA Rubia 330cc BOT-330-cc.,EAN-8 75032715,LiCB-CR2032-10,LiCB-CR2032-10,B071D4DKTZ,Corona Extra,"Food, Beverages & Tobacco",LiCB,Corona,[],,"Agua, Malta De Cebada, MaÍz, Arroz, LÚpulo. Antioxidante (e300).",Energy 42 kcal (176 kJ).,,cr2032 10pack,,,,,,355 cm3/ 355 ml,,,,0.0661386786 lb,,"Corona Extra. Serving size: 355 ml. Allergens: En:gluten. Labels: Kosher, No recomendado para ciertas personas, en:Contains alcohol, Punto Verde, Hecho en México, Desaconsejado para embarazadas, Unión Ortodoxa Kosher, en:A-votre-service. Country of origin: Argentina,Australia,Bolivia,France,Mexico,Singapore,Spain,Uruguay.","['★High Quality: Tested under Strict Quality Control Standards. CE and ROHS Certified. Grade A cells CR2032 Ensure Longer Battery Life and Long Lasting Power', '★Get the Exact Fresh CR2032 Battery, Have Full 3 Volts Charge, 3 Years Shelf Life', '★Primarily used in Watches, Computer motherboards, Calculators, PDAs, Electronic organizers, Garage door openers, Toys, Games, MP3 players, Digital voice recorders, Door chimes, Pet collars, LED lights, Sporting goods, Pedometers, Calorie counters, Stopwatches, Glucometers, Medical devices, and more', '★If your device uses any of the following batteries, this is what you are looking for.:Energizer CR2032，CR2032BP，DL2032，ECR2032，KCR2032，BR2032，LM2032,5004LC，5004LB，L14，SB-T15，EA2032C，EA-2032C，L2032,2032，DJ2032，KL2032，E- CR2032，KECR2032，GPCR2032，KT-CR2032', '★What You Get: 10PCS CR2032 Batteries in Exact Blister Pack']","['https://images.barcodelookup.com/28021/280210838-1.jpg', 'https://images.barcodelookup.com/28021/280210838-2.jpg', 'https://images.barcodelookup.com/28021/280210838-3.jpg', 'https://images.barcodelookup.com/28021/280210838-4.jpg', 'https://images.barcodelookup.com/28021/280210838-5.jpg', 'https://images.barcodelookup.com/28021/280210838-6.jpg']",2024-06-23 16:43:16,[],[]
656750797167,CERVEZA BOCATOMA AMERICAN AMB ,,,,,,,,,,,,,,,,,,,,,,,,,,,,,,,
656750797174,CERVEZA BOCATOMA SESSION IPA  ,,,,,,,,,,,,,,,,,,,,,,,,,,,,,,,
656750817315,cerveza ORTUZAR Golden 473cc LAT-0.473-lt.,,,,,,,,,,,,,,,,,,,,,,,,,,,,,,,
656750817322,cerveza ORTUZAR Scottish 473cc LAT-0.473-lt.,,,,,,,,,,,,,,,,,,,,,,,,,,,,,,,
656750817339,cerveza ORTUZAR Honey 473cc LAT-0.473-lt.,,,,,,,,,,,,,,,,,,,,,,,,,,,,,,,
656750817346,cerveza ORTUZAR German Pils 473cc LAT-0.473-lt.,,,,,,,,,,,,,,,,,,,,,,,,,,,,,,,
656750817353,cerveza ORTUZAR Porter 473cc LAT-0.473-lt.,,,,,,,,,,,,,,,,,,,,,,,,,,,,,,,
656750817360,cerveza ORTUZAR Dubbel 473cc LAT-0.473-lt.,,,,,,,,,,,,,,,,,,,,,,,,,,,,,,,
656750817377,cerveza ORTUZAR Ipa 473cc LAT-0.473-lt.,,,,,,,,,,,,,,,,,,,,,,,,,,,,,,,
656750817384,CERVEZA POKER C/BOURBON ORTUZAR LAT 473 ML,,,,,,,,,,,,,,,,,,,,,,,,,,,,,,,
790757845794,CERVEZA HONEY,,,,,,,,,,,,,,,,,,,,,,,,,,,,,,,
3162330450010,CERVEZA LAGER STARBERG LAT 500 ML,EAN-13 3162330450010,,,,Starberg-beer-500ml-france,"Food, Beverages & Tobacco",,,[],,,,,,,,,,,50 cl,,,,,,Starberg-beer-500ml-france. Country of origin: France.,[],['https://images.barcodelookup.com/81709/817090096-1.jpg'],2023-10-23 06:33:04,[],[]
4002631022679,CERVEZA EN LATA,EAN-13 4002631022679,,,,Cerveza,"Food, Beverages & Tobacco",,St. Wendeler,[],,"Agua, Malta De Cebada, Extracto De Lúpulo",,,,,,,,,500ml,,,,,,Cerveza. Country of origin: Argentina.,[],['https://images.barcodelookup.com/81753/817537220-1.jpg'],2023-10-24 05:55:36,[],[]
4002631022792,CERVEZA ALEMANA,EAN-13 4002631022792,,,,St. Wendeler Pils,"Food, Beverages & Tobacco",,Brautradition,[],,"Eau, Malt D'_orge_, Extrait De Houblon.",,,,,,,,,33 cl,,,,,,St. Wendeler Pils. Allergens: En:gluten. Country of origin: France.,[],"['https://images.barcodelookup.com/81753/817537223-1.jpg', 'https://images.barcodelookup.com/81753/817537223-2.jpg', 'https://images.barcodelookup.com/81753/817537223-3.jpg']",2023-10-24 05:55:36,[],[]
4002631024147,CERVEZA NEGRA BLACK,,,,,,,,,,,,,,,,,,,,,,,,,,,,,,,
4002631024161,CERVEZA LAGER,,,,,,,,,,,,,,,,,,,,,,,,,,,,,,,
4002631024192,CERVEZA TRIGO,,,,,,,,,,,,,,,,,,,,,,,,,,,,,,,
4015042107866,CERVEZA PILSENER MECKLENBURGER X 500 CC.,EAN-13 4015042107866,55842 0 0 U,,,Cerveja Premium Classic Pilsener Mecklenburger 500Ml,,Dunkel Mecklenburger,Dunkel Mecklenburger,[],,,,,,,,,,,,,,,,,"A mecklenburger pilsener é uma cerveja com aroma agradável, fresco e suave com um toque de lúpulos aromáticos bem selecionados. a água utilizada para esta cerveja vem do próprio poço da cervejaria e é cristalina. isso em combinação com a melhor seleção de malte de cevada e lúpulo dá uma cerveja de alta qualidade.",[],['https://images.barcodelookup.com/65749/657495135-1.jpg'],2023-05-15 17:15:54,[],[]
4015042108818,CERVEZA WEIBIER TRIGO MECKLENBURGER X 500 CC,EAN-13 4015042108818,55837 0 0 U,,,Mecklenburger,"Food, Beverages & Tobacco",Dunkel Mecklenburger,Dunkel Mecklenburger,[],,,,,,,,,,,,,,,,,Mecklenburger. Country of origin: Italy.,[],['https://images.barcodelookup.com/65749/657495279-1.jpg'],2023-10-24 03:02:45,[],[]
4015042111085,CERVEZA PILSENER MECKLENBURGER X 330 CC,,,,,,,,,,,,,,,,,,,,,,,,,,,,,,,
4015042111214,CERVEZA DUNKEL MECKLENBURGER X 500 CC,EAN-13 4015042111214,55830_0_0_U,,,Cerveja Premium Dunkel Mecklenburger 500Ml,,Dunkel Mecklenburger,Dunkel Mecklenburger,[],,,,,,,,,,,,,,,,,"A mecklenburger dunkel é uma cerveja suave, com sabores de caramelo e malte torrado. perfeita durante todo o inverno. a água utilizada para esta cerveja vem do próprio poço da cervejaria e é cristalina. isso em combinação com a melhor seleção de malte de cevada e lúpulo dá uma cerveja de alta qualidade.",[],['https://images.barcodelookup.com/53365/533657185-1.jpg'],2023-12-05 20:23:18,[],[]
4015042111641,CERVEZA IPA MECKLENBURGER X 500 CC,EAN-13 4015042111641,55832_0_0_U,,,Cerveja Premium Ipa Mecklenburger 500Ml,,Dunkel Mecklenburger,Dunkel Mecklenburger,[],,,,,,,,,,,,,,,,,A mecklenburger ipa é uma cerveja refrescante e suavidade. outra ótima lager para o verão. a água utilizada para esta cerveja vem do próprio poço da cervejaria e é cristalina. isso em combinação com a melhor seleção de malte de cevada e lúpulo dá uma cerveja de alta qualidade.,[],['https://images.barcodelookup.com/53365/533657538-1.jpg'],2023-12-05 20:23:21,[],[]
5410228141266,cerveza STELLA ARTOIS 330cc porrón BOT-330-cc.,EAN-13 5410228141266,,,,Beer,"Food, Beverages & Tobacco",,Stella Artois,[],,"Water, Barley Malt, Hops, Alcohol",,,,,,,,,330ml,,,,,,"Beer. Allergens: En:gluten. Labels: No recomendado para ciertas personas, Desaconsejado para embarazadas. Country of origin: Canada,France,Germany.",[],['https://images.barcodelookup.com/52381/523819854-1.jpg'],2023-10-19 10:02:37,"[{'name': 'Auchan PRM _PT', 'country': 'EU', 'currency': 'EUR', 'currency_symbol': '€', 'price': '1.99', 'sale_price': '', 'tax': [], 'link': 'https://www.auchan.pt/pt/bebidas-e-garrafeira/cervejas/cerveja-estrangeira/cerveja-stela-artois-belgica-0.33l/323900.html', 'item_group_id': '', 'availability': 'in stock', 'condition': '', 'shipping': [], 'last_update': '2022-10-18 07:48:24'}, {'name': 'Auchan Retail Portugal', 'country': 'EU', 'currency': 'EUR', 'currency_symbol': '€', 'price': '2.19', 'sale_price': '', 'tax': [], 'link': 'https://www.auchan.pt/pt/bebidas-e-garrafeira/cervejas-e-sidras/cerveja-estrangeira/cerveja-stella-artois-belgica-0.33l/323900.html?utm_campaign=&utm_content=&utm_source=aw&utm_medium=affiliate_feed&utm_term=', 'item_group_id': '', 'availability': 'in stock', 'condition': '', 'shipping': [], 'last_update': '2025-04-13 13:18:28'}]",[]
5701598035706,CERVEZA WHEAT BEAR BEER LATA 500 CC,,,,,,,,,,,,,,,,,,,,,,,,,,,,,,,
5701598036031,CERVEZA LAGER BEAR BEER LATA 500 CC,,,,,,,,,,,,,,,,,,,,,,,,,,,,,,,
5711018037067,CERVEZA SIN ALCOHOL MECKLENBURGER X 500 CC,,,,,,,,,,,,,,,,,,,,,,,,,,,,,,,
7020020075539,VASO CERVEZA FREVO NADIR 320ml,,,,,,,,,,,,,,,,,,,,,,,,,,,,,,,
7051020098129,VASO CERVEZA STOUT NADIR 473ml,,,,,,,,,,,,,,,,,,,,,,,,,,,,,,,
7501064106859,cerveza CORONA Rubia 710cc BOT-710-cc.,,,,,,,,,,,,,,,,,,,,,,,,,,,,,,,
7501064198847,cerveza CORONA Rubia 330cc BOT-330-cc.,,,,,,,,,,,,,,,,,,,,,,,,,,,,,,,
7651020096233,COPA CERVEZA DUBLIN NADIR 400ml,,,,,,,,,,,,,,,,,,,,,,,,,,,,,,,
7791001010794,BIFERDIL CHAMPU CERVEZA MIEL 250 ML,,,,,,,,,,,,,,,,,,,,,,,,,,,,,,,
7791720040010,CERVEZA RUBIA APOLO PET X 1 LT,,,,,,,,,,,,,,,,,,,,,,,,,,,,,,,
7791822688714,COPA CERVEZA NORUEGA 420cc,,,,,,,,,,,,,,,,,,,,,,,,,,,,,,,
7792798000395,cerveza BRAHMA Chopp 340cc Ret BOT-340-cc.,,,,,,,,,,,,,,,,,,,,,,,,,,,,,,,
7792798000425,cerveza NORTE Blanca BOT-1-lt.,,,,,,,,,,,,,,,,,,,,,,,,,,,,,,,
7792798000708,cerveza IGUANA Pilsener 1lt Ret BOT-1-lt.,,,,,,,,,,,,,,,,,,,,,,,,,,,,,,,
7792798000838,CERVEZA BRAHMA QAZUL 1000cc,,,,,,,,,,,,,,,,,,,,,,,,,,,,,,,
7792798001101,cerveza PATAGONIA Ipa Sauco OW 730cc BOT-730-ml.,,,,,,,,,,,,,,,,,,,,,,,,,,,,,,,
7792798001293,cerveza STELLA ARTOIS Rubia 473cc LAT-473-cc.,,,,,,,,,,,,,,,,,,,,,,,,,,,,,,,
7792798001309,cerveza STELLA ARTOIS 473cc six pack TER PCK-6-un.,,,,,,,,,,,,,,,,,,,,,,,,,,,,,,,
7792798001316,"CERVEZA NEGRA LATA, QUILMES STOUT, 473 cm3",EAN-13 7792798001316,,,,Quilmes Stout,"Food, Beverages & Tobacco",,,[],,,,,,,,,,,,,,,,,Quilmes stout. Labels: En:no-preservatives. Country of origin: Spain.,[],['https://images.barcodelookup.com/81595/815953753-1.jpg'],2023-10-20 05:43:56,[],[]
7792798001323,"CERVEZA NEGRA LATA SIX PACK, QUILMES STOUT, 2838 cm3",,,,,,,,,,,,,,,,,,,,,,,,,,,,,,,
7792798001712,Pack Cerveza Rubia Golden 473cc 6 Unidades Andes Origen,,,,,,,,,,,,,,,,,,,,,,,,,,,,,,,
7792798001927,Pack X6 Cervezas Kilometro 24.7 Session Ipa Con Sauco 2838 Ml Patagonia,,,,,,,,,,,,,,,,,,,,,,,,,,,,,,,
7792798001934,CERVEZA AMBER LAGER 473 ML X 6 UNI PATAGONIA PAK 2838 ML,,,,,,,,,,,,,,,,,,,,,,,,,,,,,,,
7792798001965,CERVEZA ROJA AMBER LAGER PATAGONIA LATA X 473 CC,,,,,,,,,,,,,,,,,,,,,,,,,,,,,,,
7792798001972,CERVEZA VARIED 24.7KM IPA PATAGONIA LATA X 473CC,EAN-13 7792798001972,,,,24.7,"Food, Beverages & Tobacco",,Patagonia,[],,"Agua, Malta De Cebada, Miel, Jugo De Sauco, Lúpulo",,,,,,,,,473 cm3,,,,,,24.7. Allergens: En:gluten. Country of origin: Argentina.,[],"['https://images.barcodelookup.com/81595/815953755-1.jpg', 'https://images.barcodelookup.com/81595/815953755-2.jpg']",2023-10-20 05:43:56,[],[]
7792798002115,CERVEZA RUBIA RETORNABLE ANDES ORIGEN BOTELLA X1LT,,,,,,,,,,,,,,,,,,,,,,,,,,,,,,,
7792798002122,CERVEZA ROJA RETORNABLE ANDES ORIGEN BOTELLA X 1LT,,,,,,,,,,,,,,,,,,,,,,,,,,,,,,,
7792798002139,cerveza ANDES ORIGEN Negra 1lt Ret BOT-1-lt.,,,,,,,,,,,,,,,,,,,,,,,,,,,,,,,
7792798002153,cerveza ANDES ORIGEN Roja 340cc BOT-340-cc.,,,,,,,,,,,,,,,,,,,,,,,,,,,,,,,
7792798002245,cerveza ANDES LAT 473cc LAT-473-cc.,,,,,,,,,,,,,,,,,,,,,,,,,,,,,,,
7792798002252,cerveza ANDES six pack 473 cc LAT-473-cc.,,,,,,,,,,,,,,,,,,,,,,,,,,,,,,,
7792798002320,cerveza ANDES ORIGEN Negra 473cc LAT-473-cc.,,,,,,,,,,,,,,,,,,,,,,,,,,,,,,,
7792798002337,"CERVEZA MENDOCINA ROJA LATA X6U, ANDES ORIGEN, 2838 cm3",,,,,,,,,,,,,,,,,,,,,,,,,,,,,,,
7792798002344,CERVEZA NEGRA 473 ML X 6 UNI ANDES ORIGEN PAK 2838 ML,,,,,,,,,,,,,,,,,,,,,,,,,,,,,,,
7792798002351,"CERVEZA S/RETORNO AMBER LAGER, PATAGONIA, 730 cm3",,,,,,,,,,,,,,,,,,,,,,,,,,,,,,,
7792798002368,cerveza PATAGONIA Bohemian 740cc BOT-740-cc.,,,,,,,,,,,,,,,,,,,,,,,,,,,,,,,
7792798002375,cerveza PATAGONIA Weisse 730cc BOT-730-cc.,EAN-13 7792798002375,,,,Patagonia Weisse Wheat Beer,"Food, Beverages & Tobacco",,Patagonia,[],,"Agua, Malta De Cebada, Cereales, Malta De Trigo, Lupulo, Extracto Natural De Naranja Y Coriandro",,,,,,,,,730cm²,,,,,,"Patagonia Weisse wheat beer. Labels: En:not-advised-for-pregnant-women. Country of origin: Argentina,Uruguay.",[],"['https://images.barcodelookup.com/81595/815953756-1.jpg', 'https://images.barcodelookup.com/81595/815953756-2.jpg']",2023-10-20 05:43:56,[],[]
7792798002399,Pack X6 Cervezas Kilometro 24.7 En Botella 4380ml Patagonia,EAN-13 7792798002399,,,,Ipa 24.7,"Food, Beverages & Tobacco",,,[],,,,,,,,,,,730,,,,,,Ipa 24.7. Country of origin: Spain.,[],['https://images.barcodelookup.com/81595/815953757-1.jpg'],2023-10-20 05:43:56,[],[]
7792798002566,"CERVEZA AMBER LAGER LATA, PATAGONIA, 473 cm3",,,,,,,,,,,,,,,,,,,,,,,,,,,,,,,
7792798002726,"CERVEZA IPA ANDINA LATA, ANDES ORIGEN, 473 cm3",EAN-13 7792798002726,,,,Andes Origen,"Food, Beverages & Tobacco",,,[],,"Agua, Malta De Cebada, Lupulo, Mosto De Uva",,,,,,,,,,,,,,,Andes Origen. Allergens: En:gluten. Country of origin: Spain.,[],['https://images.barcodelookup.com/81595/815953758-1.jpg'],2023-10-20 05:43:56,[],[]
7792798002757,CERVEZA ORIGEN IPA RETORNABLE ANDES X 1LT,,,,,,,,,,,,,,,,,,,,,,,,,,,,,,,
7792798002788,Cerveza Andes Origen Iparubia Lata 473 ml 6 Unidades,,,,,,,,,,,,,,,,,,,,,,,,,,,,,,,
7792798003563,cerveza PATAGONIA Bohemian 473cc LAT-473-ml.,,,,,,,,,,,,,,,,,,,,,,,,,,,,,,,
7792798003594,cerveza PATAGONIA Bohemian 473cc 6un PCK-6-un.,,,,,,,,,,,,,,,,,,,,,,,,,,,,,,,
7792798003709,Cerveza Corona Porron 330ml X 24 Unidades,EAN-13 7792798003709,,,,Cerveza,"Food, Beverages & Tobacco",,,[],,,,,,,,,,,,,,,,,Cerveza. Country of origin: Argentina.,[],['https://images.barcodelookup.com/81595/815953759-1.jpg'],2023-10-20 05:43:56,[],[]
7792798003716,Pack X12 Cervezas Pale Lager 710 Cc Corona,,,,,,,,,,,,,,,,,,,,,,,,,,,,,,,
7792798003723,"CERVEZA LONG NECK SIX PACK, CORONA, 1980 cu",,,,,,,,,,,,,,,,,,,,,,,,,,,,,,,
7792798003938,CERVEZA BLANCA VERA IPA PATAGONIA LATA X473CC,,,,,,,,,,,,,,,,,,,,,,,,,,,,,,,
7792798003945,Cerveza Patagonia Vera Ipa Neipapajizo Lata 473 ml 6 Unidades,,,,,,,,,,,,,,,,,,,,,,,,,,,,,,,
7792798005086,cerveza HEINEKEN Rubia 473cc sixpack PCK-6-un.,,,,,,,,,,,,,,,,,,,,,,,,,,,,,,,
7792798005888,cerveza BRAHMA Chopp 473cc LAT-473-cc.,EAN-13 7792798005888,,,,Brahma,"Food, Beverages & Tobacco",,,[],,"Ingredientes: Agua, Malta De Cebada, Cereales Lupulo ; En Uruguay, Ingredientes: Gasificante Ins 290",,,,,,,,,473 mL,,,,,,Brahma. Country of origin: Argentina.,[],"['https://images.barcodelookup.com/68226/682267906-1.jpg', 'https://images.barcodelookup.com/68226/682267906-2.jpg', 'https://images.barcodelookup.com/68226/682267906-3.jpg', 'https://images.barcodelookup.com/68226/682267906-4.jpg']",2023-10-20 02:31:27,[],[]
7792798005956,cerveza PATAGONIA Amber 410cc LAT-410-cc.,,,,,,,,,,,,,,,,,,,,,,,,,,,,,,,
7792798005970,Pack 6 Cerveza Brahma Chopp American Adjunct Lager 473ml,,,,,,,,,,,,,,,,,,,,,,,,,,,,,,,
7792798006045,cerveza STELLA ARTOIS 330cc porrón BOT-330-cc.,,,,,,,,,,,,,,,,,,,,,,,,,,,,,,,
7792798006199,CERVEZA STELLA ARTOIS 975 C.C.,,,,,,,,,,,,,,,,,,,,,,,,,,,,,,,
7792798007158,cerveza PATAGONIA Amber Lager 730cc BOT-730-cc.,,,,,,,,,,,,,,,,,,,,,,,,,,,,,,,
7792798007165,cerveza PATAGONIA Bohemian 740cc BOT-740-cc.,,,,,,,,,,,,,,,,,,,,,,,,,,,,,,,
7792798007172,cerveza PATAGONIA Weisse 730cc BOT-730-cc.,,,,,,,,,,,,,,,,,,,,,,,,,,,,,,,
7792798007387,CERVEZA BLANCA CLASICA QUILMES BOTELLA RET X 1 LT,,,,,,,,,,,,,,,,,,,,,,,,,,,,,,,
7792798007400,"CERVEZA NEGRA C/RETORNO, QUILMES STOUT, 1000 cm3",EAN-13 7792798007400,,,,Quilmes Stout 1l,"Food, Beverages & Tobacco",,Quilmes,[],,"Agua, Malta De Cebada, Cereales, Lúpulo, Caramelo Iii 150g",,,,,,,,,1 l,,,,,,Quilmes Stout 1l. Allergens: En:gluten. Packaging: 1 botella de vidrio reutilizable. Country of origin: Argentina.,[],"['https://images.barcodelookup.com/81595/815953767-1.jpg', 'https://images.barcodelookup.com/81595/815953767-2.jpg', 'https://images.barcodelookup.com/81595/815953767-3.jpg']",2023-10-20 05:43:56,[],[]
7792798007424,CERVEZA QUILMES BAJO CERO 1L.,,,,,,,,,,,,,,,,,,,,,,,,,,,,,,,
7792798007431,CERVEZA QUILMES LIEBER 1 LT.,,,,,,,,,,,,,,,,,,,,,,,,,,,,,,,
7792798007493,cerveza BRAHMA Chopp Rubia 1lt Ret BOT-1-lt.,EAN-13 7792798007493,,,,Cerveza Brahma,"Food, Beverages & Tobacco",,,[],,"Agua, Malta De Cebada, Cereales Adjuntos, Lupulo.",,,,,,,,,,,,,,,Cerveza brahma. Allergens: En:gluten. Country of origin: Argentina.,[],['https://images.barcodelookup.com/58688/586887859-1.jpg'],2023-10-20 02:31:27,[],[]
7792798007738,CERVEZA 1890 1L.,,,,,,,,,,,,,,,,,,,,,,,,,,,,,,,
7792798007813,cerveza ANDES Blanca Ret. 1lt BOT-1-lt.,,,,,,,,,,,,,,,,,,,,,,,,,,,,,,,
7792798007844,cerveza STELLA ARTOIS Noire 975cc BOT-975-cc.,,,,,,,,,,,,,,,,,,,,,,,,,,,,,,,
7792798008858,cerveza TEMPLE Wolf Ipa 473cc LAT-473-cc.,EAN-13 7792798008858,,,,Wolf IPA,"Food, Beverages & Tobacco",,Temple,[],,"Agua, Malta De Cebada (malta Munich, Malta Special W, Malta Pilsner) Y LÚpulo (herkules, Cascade, Mosaic)",,,,,,,,,473 cm3,,,,,,Wolf IPA. Allergens: En:gluten. Packaging: 1 lata de aluminio para reciclar. Country of origin: Argentina.,[],"['https://images.barcodelookup.com/81595/815953769-1.jpg', 'https://images.barcodelookup.com/81595/815953769-2.jpg']",2023-10-20 05:43:56,[],[]
7792798008865,cerveza TEMPLE Honey 473cc LAT-473-cc.,EAN-13 7792798008865,,,,Temple,"Food, Beverages & Tobacco",,,[],,,,,,,,,,,,,,,,,Temple. Country of origin: Spain.,[],['https://images.barcodelookup.com/81595/815953770-1.jpg'],2023-10-20 05:43:56,[],[]
7792798008889,cerveza TEMPLE Wolf Ipa 473cc Six pack PCK-6-un.,,,,,,,,,,,,,,,,,,,,,,,,,,,,,,,
7792798008896,cerveza TEMPLE Honey 473cc Six pack PCK-6-un.,,,,,,,,,,,,,,,,,,,,,,,,,,,,,,,
7792798009107,CERVEZA SIN ALCOHOL 0.0% QUILMES LAT 473 ML,EAN-13 7792798009107,,,,"0,0% Sin Alcohol","Food, Beverages & Tobacco",,Quilmes,[],,"Agua, Malta De Cebada, Maíz, Lúpulo",,,,,,,,,473 cm3,,,,,,"0,0% Sin alcohol. Labels: En:no-preservatives. Country of origin: Argentina.",[],"['https://images.barcodelookup.com/81595/815953771-1.jpg', 'https://images.barcodelookup.com/81595/815953771-2.jpg']",2023-10-20 05:43:56,[],[]
7792798009114,"CERVEZA SIN ALCOHOL 0.0% QUILMES PACK X6 UNID 2,84 ML",,,,,,,,,,,,,,,,,,,,,,,,,,,,,,,
7792798009312,cerveza STELLA ARTOIS Noire 473cc LAT-473-ml.,,,,,,,,,,,,,,,,,,,,,,,,,,,,,,,
7792798009343,cerveza TEMPLE Scottish 473cc Six pack PCK-6-un.,,,,,,,,,,,,,,,,,,,,,,,,,,,,,,,
7792798009350,cerveza TEMPLE Scottish 473cc LAT-473-cc.,EAN-13 7792798009350,,,,Scottish Temple Cerveza,"Food, Beverages & Tobacco",,,[],,,,,,,,,,,473,,,,,,Scottish temple cerveza. Country of origin: Spain.,[],['https://images.barcodelookup.com/81595/815953773-1.jpg'],2023-10-20 05:43:56,[],[]
7792798009428,cerveza STELLA ARTOIS Noire 473cc 6un PCK-6-un.,,,,,,,,,,,,,,,,,,,,,,,,,,,,,,,
7792798010561,cerveza STELLA ARTOIS P. Malta 975cc Ret BOT-975-cc.,,,,,,,,,,,,,,,,,,,,,,,,,,,,,,,
7792798010578,Pack X24 Cervezas Belgium Rubia 330ml Cada Una Stella Artois,EAN-13 7792798010578,,,,Stella,"Food, Beverages & Tobacco",,,[],,,,,,,,,,,330,,,,,,Stella. Country of origin: Spain.,[],[],2023-10-20 02:31:27,[],[]
7792798010592,Cerveza Stella Artois Premium Lagerrubia Lata 473 ml 6 Unidades,,,,,,,,,,,,,,,,,,,,,,,,,,,,,,,
7792798010615,cerveza STELLA ARTOIS Rubia 473cc LAT-473-cc.,,,,,,,,,,,,,,,,,,,,,,,,,,,,,,,
7792798010639,CERVEZA NEGRA STELLA ARTOIS NOIRE LATA X 473 CC,EAN-13 7792798010639,,,,Stella Noire,"Food, Beverages & Tobacco",,,[],,,,,,,,,,,,,,,,,Stella noire. Country of origin: Spain.,[],['https://images.barcodelookup.com/81595/815953782-1.jpg'],2023-10-20 05:43:56,[],[]
7792798010684,cerveza STELLA ARTOIS 473cc six pack TER PCK-6-un.,,,,,,,,,,,,,,,,,,,,,,,,,,,,,,,
7792798010745,Cerveza Negra Premium 473ml X 6 Unidades Stella Artois Noire,,,,,,,,,,,,,,,,,,,,,,,,,,,,,,,
7792798010776,cerveza STELLA ARTOIS Noire 975cc BOT-975-cc.,,,,,,,,,,,,,,,,,,,,,,,,,,,,,,,
7792798010882,"CERVEZA S/RETORNO VERA IPA, PATAGONIA, 730 cm3",EAN-13 7792798010882,,,,Vera Ipa,"Food, Beverages & Tobacco",,,[],,,,,,,,,,,730,,,,,,Vera ipa. Country of origin: Spain.,[],['https://images.barcodelookup.com/81595/815953784-1.jpg'],2023-10-20 05:43:56,[],[]
7792798011087,cerveza QUILMES Clasica 340cc Ret BOT-340-cc.,,,,,,,,,,,,,,,,,,,,,,,,,,,,,,,
7792798011094,cerveza 27 EAZY 473cc LAT-473-cc.,EAN-13 7792798011094,,,,Eazy 27,"Food, Beverages & Tobacco",,,[],,,,,,,,,,,473cc,,,,,,Eazy 27. Country of origin: Spain.,[],['https://images.barcodelookup.com/81595/815953789-1.jpg'],2023-10-20 05:43:56,[],[]
7792798011100,cerveza 27 EAZY 473cc sixpack Carton PCK-2.838-lt.,,,,,,,,,,,,,,,,,,,,,,,,,,,,,,,
7792798011179,CERVEZA,,,,,,,,,,,,,,,,,,,,,,,,,,,,,,,
7792798011261,cerveza ANDES ORIGEN Ipa Roja 473cc 6un PCK-6-un.,,,,,,,,,,,,,,,,,,,,,,,,,,,,,,,
7792798011421,cerveza BRAHMA Dorada 473cc LAT-473-cc.,EAN-13 7792798011421,,,,Brahma Dorada,"Food, Beverages & Tobacco",,,[],,,,,,,,,,,473,,,,,,Brahma dorada. Country of origin: Spain.,[],['https://images.barcodelookup.com/81595/815953794-1.jpg'],2023-10-20 05:43:56,[],[]
7792798011438,cerveza BRAHMA Dorada 473cc 6un PCK-2.838-lt.,,,,,,,,,,,,,,,,,,,,,,,,,,,,,,,
7792798011520,cerveza QUILMES Doble Malta 473cc LAT-0.473-lt.,EAN-13 7792798011520,,,,Doble Malta,"Food, Beverages & Tobacco",,,[],,,,,,,,,,,473,,,,,,Doble malta. Country of origin: Spain.,[],['https://images.barcodelookup.com/81595/815953796-1.jpg'],2023-10-20 05:43:56,[],[]
7792798011568,cerveza QUILMES Doble Malta 473cc pack PCK-2.838-lt.,,,,,,,,,,,,,,,,,,,,,,,,,,,,,,,
7792798012435,cerveza CORONA Rubia 410cc LAT-0.41-lt.,EAN-13 7792798012435,,,,Corona,"Food, Beverages & Tobacco",,,[],,,,,,,,,,,,,,,,,Corona. Country of origin: Spain.,[],['https://images.barcodelookup.com/81595/815953799-1.jpg'],2023-10-20 05:43:56,[],[]
7792798012527,cerveza CORONA Rubia 410cc sixpack PCK-2.46-lt.,,,,,,,,,,,,,,,,,,,,,,,,,,,,,,,
7792798012565,CERVEZA BRAHMA LATA 473cc,,,,,,,,,,,,,,,,,,,,,,,,,,,,,,,
7792798012572,cerveza ANDES ORIGEN Fresquita 473cc LAT-0.473-lt.,EAN-13 7792798012572,,,,Fresquita,"Food, Beverages & Tobacco",,,[],,,,,,,,,,,473,,,,,,Fresquita. Country of origin: Spain.,[],['https://images.barcodelookup.com/81595/815953800-1.jpg'],2023-10-20 05:43:56,[],[]
7792798012589,cerveza ANDES ORIGEN Fresquita 473cc 4un PCK-2.838-lt.,,,,,,,,,[],,,,,,,,,,,,,,,,,,[],[],,[],[]
7792798012671,cerveza STELLA ARTOIS Blanche 975cc Ret BOT-0.97-lt.,EAN-13 7792798012671,,,,Blanche,"Food, Beverages & Tobacco",,,[],,,,,,,,,,,1l,,,,,,Blanche. Country of origin: Spain.,[],['https://images.barcodelookup.com/81595/815953801-1.jpg'],2023-10-20 05:43:56,[],[]
7792798012701,cerveza STELLA ARTOIS Blanche 473cc LAT-0.473-lt.,EAN-13 7792798012701,,,,Blanche,"Food, Beverages & Tobacco",,,[],,,,,,,,,,,473,,,,,,Blanche. Country of origin: Spain.,[],['https://images.barcodelookup.com/81595/815953802-1.jpg'],2023-10-20 05:43:56,[],[]
7792798012725,cerveza STELLA ARTOIS Blanche 473cc 6un PCK-2.838-lt.,,,,,,,,,[],,,,,,,,,,,,,,,,,,[],[],,[],[]
7792798012879,cerveza ANDES ORIGEN Fresquita 1lt BOT-1-lt.,EAN-13 7792798012879,,,,Fresquita,"Food, Beverages & Tobacco",,,[],,,,,,,,,,,1l,,,,,,Fresquita. Country of origin: Spain.,[],['https://images.barcodelookup.com/81595/815953803-1.jpg'],2023-10-20 05:43:56,[],[]
7792798012923,cerveza QUILMES Clasica 473cc LAT-473-cc.,EAN-13 7792798012923,,,,Quilmes Clásica,"Food, Beverages & Tobacco",,Quilmes,[],,"Agua, Malta De Cebada, MaÍz, LÚpulo.",,,,,,,,,473 cm3,,,,,,"Quilmes Clásica. Allergens: En:gluten. Labels: No recomendado para ciertas personas, en:Contains alcohol, Sin conservantes, Desaconsejado para embarazadas. Country of origin: Argentina,Bolivia.",[],"['https://images.barcodelookup.com/81595/815953804-1.jpg', 'https://images.barcodelookup.com/81595/815953804-2.jpg', 'https://images.barcodelookup.com/81595/815953804-3.jpg']",2023-10-20 05:43:56,[],[]
7792798012947,Pack X6 Cervezas Clásica Rubia Lata 2838 Ml Quilmes,,,,,,,,,[],,,,,,,,,,,,,,,,,,[],[],,[],[]
7792798012961,cerveza PATAGONIA Amber Lager 1lt ret BOT-1-lt.,,,,,,,,,[],,,,,,,,,,,,,,,,,,[],[],,[],[]
7792798013357,cerveza BUDWEISER Rubia 710cc PCK-0.71-lt.,,,,,,,,,[],,,,,,,,,,,,,,,,,,[],[],,[],[]
7792798013388,CERVEZA BLANCA IPA QUILMES LATA X 473 CC,EAN-13 7792798013388,,,,Quilmes Ipa,"Food, Beverages & Tobacco",,,[],,,,,,,,,,,,,,,,,Quilmes ipa. Country of origin: Spain.,[],['https://images.barcodelookup.com/81595/815953805-1.jpg'],2023-10-20 05:43:56,[],[]
7792798013395,cerveza QUILMES Ipa 473cc sixpack PCK-2.838-lt.,,,,,,,,,[],,,,,,,,,,,,,,,,,,[],[],,[],[]
7792798013418,CERVEZA BLANCA GOLDEN TEMPLE LATA X 473 CC,EAN-13 7792798013418,,,,Temple Indie Golden,"Food, Beverages & Tobacco",,,[],,,,,,,,,,,,,,,,,Temple indie golden. Country of origin: Spain.,[],['https://images.barcodelookup.com/81595/815953806-1.jpg'],2023-10-20 05:43:56,[],[]
7792798013425,cerveza TEMPLE Golden 473cc six pack PCK-2.838-lt.,,,,,,,,,[],,,,,,,,,,,,,,,,,,[],[],,[],[]
7792798013470,"CERVEZA PORRON SIN ALCOHOL, STELLA ARTOIS, 330 cm3",,,,,,,,,[],,,,,,,,,,,,,,,,,,[],[],,[],[]
7792798013487,"CERVEZA SIN ALCOHOL 0,0% STELLA ARTOIS LAT 473 CMQ",,,,,,,,,[],,,,,,,,,,,,,,,,,,[],[],,[],[]
7792798013494,Pack X6 Unidades Cerveza Sin Alcohol 473 Ml Stella Artois,,,,,,,,,[],,,,,,,,,,,,,,,,,,[],[],,[],[]
7792798013500,"CERVEZA LONG NECK S/ALCOCHOL X6, STELLA ARTOIS, 1980 cm3",,,,,,,,,[],,,,,,,,,,,,,,,,,,[],[],,[],[]
7792798013531,cerveza BUDWEISER Rubia 710cc fourpack LAT-2.84-lt.,,,,,,,,,[],,,,,,,,,,,,,,,,,,[],[],,[],[]
7792798013593,cerveza BRAHMA Dorada 1lt BOT-1-lt.,,,,,,,,,[],,,,,,,,,,,,,,,,,,[],[],,[],[]
7792798013678,CERVEZA IPA QUILMES BOTELLA RET X 1 LT,,,,,,,,,[],,,,,,,,,,,,,,,,,,[],[],,[],[]
7792798013777,cerveza PATAGONIA Ipa Estelar 473cc LAT-0.473-lt.,,,,,,,,,[],,,,,,,,,,,,,,,,,,[],[],,[],[]
7792798013791,cerveza GOOSE ISLAND Lager 473cc LAT-0.473-lt.,,,,,,,,,[],,,,,,,,,,,,,,,,,,[],[],,[],[]
7792798013807,cerveza GOOSE ISLAND Lager 473cc sixpack PCK-2.838-lt.,,,,,,,,,[],,,,,,,,,,,,,,,,,,[],[],,[],[]
7792798013821,cerveza PATAGONIA Ipa Estelar 473cc 6un PCK-2.838-lt.,,,,,,,,,[],,,,,,,,,,,,,,,,,,[],[],,[],[]
7792798013838,cerveza BRAHMA Chopp 473cc LAT-0.473-lt.,,,,,,,,,[],,,,,,,,,,,,,,,,,,[],[],,[],[]
7792798013845,cerveza BRAHMA Chopp 473cc 6un PCK-2.838-lt.,,,,,,,,,[],,,,,,,,,,,,,,,,,,[],[],,[],[]
7792798013913,cerveza QUILMES Hinchada 473cc LAT-0.473-lt.,,,,,,,,,[],,,,,,,,,,,,,,,,,,[],[],,[],[]
7792798013937,CERVEZA BLANCA 1890 QUILMES N BOT RET X 1 LT,,,,,,,,,[],,,,,,,,,,,,,,,,,,[],[],,[],[]
7792798013944,CERVEZA IPA ANDINA,,,,,,,,,[],,,,,,,,,,,,,,,,,,[],[],,[],[]
7792798013951,CERVEZA RUBIA 1890 QUILMES LATA X 473 CC,,,,,,,,,[],,,,,,,,,,,,,,,,,,[],[],,[],[]
7792798013975,cerveza STELLA ARTOIS Rubia 710cc LAT-0.71-lt.,,,,,,,,,[],,,,,,,,,,,,,,,,,,[],[],,[],[]
7792798013982,cerveza STELLA ARTOIS  Rubia 710cc 4un PCK-2.84-lt.,,,,,,,,,[],,,,,,,,,,,,,,,,,,[],[],,[],[]
7792798013999,CERVEZA RUBIA BAJO CERO QUILMES BOT RET X 1 LT,,,,,,,,,[],,,,,,,,,,,,,,,,,,[],[],,[],[]
7792798014019,cerveza MICHELOB Gluten Free 473cc LAT-0.473-lt.,,,,,,,,,[],,,,,,,,,,,,,,,,,,[],[],,[],[]
7792798014026,Michelob Ultra Rubia 6 Unidades 473ml Cerveza Lager Sin Gluten,,,,,,,,,[],,,,,,,,,,,,,,,,,,[],[],,[],[]
7792798014040,cerveza GOOSE ISLAND Lager OW730cc BOT-0.72-lt.,,,,,,,,,[],,,,,,,,,,,,,,,,,,[],[],,[],[]
7792798014064,cerveza GOOSE ISLAND Lager 473cc sixpack PCK-2.838-lt.,,,,,,,,,[],,,,,,,,,,,,,,,,,,[],[],,[],[]
7792798014156,cerveza ANDES ORIGEN Rubia 710cc LAT-0.71-lt.,,,,,,,,,[],,,,,,,,,,,,,,,,,,[],[],,[],[]
7792798014163,Cerveza Andes Origen Rubia Latón 710ml X 4 Unidades,,,,,,,,,[],,,,,,,,,,,,,,,,,,[],[],,[],[]
7792798014255,cerveza BRAHMA Musica 2023 473cc LAT-0.473-lt.,,,,,,,,,[],,,,,,,,,,,,,,,,,,[],[],,[],[]
7792798014262,cerveza BRAHMA Musica 1lt Ret BOT-1-lt.,,,,,,,,,[],,,,,,,,,,,,,,,,,,[],[],,[],[]
7792798014279,cerveza BRAHMA Musica 2023 473cc 6un PCK-2.838-lt.,,,,,,,,,[],,,,,,,,,,,,,,,,,,[],[],,[],[]
7792798014347,cerveza GOOSE ISLAND Lager 710cc LAT-0.71-lt.,,,,,,,,,[],,,,,,,,,,,,,,,,,,[],[],,[],[]
7792798014354,cerveza GOOSE ISLAND Lager 710cc 4pack PCK-2.84-lt.,,,,,,,,,[],,,,,,,,,,,,,,,,,,[],[],,[],[]
7792798014361,cerveza STELLA ARTOIS Vintage Rubi 473cc LAT-0.473-lt.,,,,,,,,,[],,,,,,,,,,,,,,,,,,[],[],,[],[]
7792798014378,cerveza STELLA ARTOIS Vintage Rubi 975cc BOT-0.97-lt.,,,,,,,,,[],,,,,,,,,,,,,,,,,,[],[],,[],[]
7792798014385,cerveza STELLA ARTOIS Vinage 473cc pack PCK-2.838-lt.,,,,,,,,,[],,,,,,,,,,,,,,,,,,[],[],,[],[]
7792798014491,cerveza BUDWEISER Musica 473cc LAT-2.838-lt.,,,,,,,,,[],,,,,,,,,,,,,,,,,,[],[],,[],[]
7792798014507,cerveza BUDWEISER Musica 473cc sixpack PCK-0.473-lt.,,,,,,,,,[],,,,,,,,,,,,,,,,,,[],[],,[],[]
7792798014705,cerveza CORONA Rubia 473cc PCK-0.473-lt.,,,,,,,,,[],,,,,,,,,,,,,,,,,,[],[],,[],[]
7792798014750,cerveza CORONA Rubia 473cc sixpack LAT-0.473-lt.,,,,,,,,,[],,,,,,,,,,,,,,,,,,[],[],,[],[]
7792798014835,CERVEZA BLANCA QUILMES LATA X 710 CC,,,,,,,,,[],,,,,,,,,,,,,,,,,,[],[],,[],[]
7792798014842,Pack 4 Cervezas Clásica Dorada Lata 710ml Cada Una Quilmes,,,,,,,,,[],,,,,,,,,,,,,,,,,,[],[],,[],[]
7792798014873,Cerveza Corona Sin Alcohol No Retornable 330mlx24 Unidades,,,,,,,,,[],,,,,,,,,,,,,,,,,,[],[],,[],[]
7792798014934,"CERVEZA RUBIA ORO LATA, ANDES ORIGEN, 473 cm3",,,,,,,,,[],,,,,,,,,,,,,,,,,,[],[],,[],[]
7792798014958,"CERVEZA RUBIA ORO SIX PACK, ANDES ORIGEN, 2838 cm3",,,,,,,,,[],,,,,,,,,,,,,,,,,,[],[],,[],[]
7792798015009,CERVEZA BCA LAGER DEL SUR PATAGONIA LATA X473CC,,,,,,,,,[],,,,,,,,,,,,,,,,,,[],[],,[],[]
7792798015016,Pack X6 Latas De Cerveza Patagonia Lager Del Sur 473ml C/u,,,,,,,,,[],,,,,,,,,,,,,,,,,,[],[],,[],[]
7792798015023,CERVEZA VARIEDADES LAGER DEL SUR PATAGONIA X 730 C,,,,,,,,,[],,,,,,,,,,,,,,,,,,[],[],,[],[]
7792798015061,CERVEZA BLANCA BRAHMA LATA X 710 CC,,,,,,,,,[],,,,,,,,,,,,,,,,,,[],[],,[],[]
7792798170555,cerveza HEINEKEN Rubia 330cc BOT-330-cc.,,,,,,,,,[],,,,,,,,,,,,,,,,,,[],[],,[],[]
7792798171606,cerveza HEINEKEN Rubia 330cc sixpack PCK-6-un.,,,,,,,,,[],,,,,,,,,,,,,,,,,,[],[],,[],[]
7792798172207,cerveza HEINEKEN Rubia 473cc LAT-473-cc.,,,,,,,,,[],,,,,,,,,,,,,,,,,,[],[],,[],[]
7792798779277,cerveza STELLA ARTOIS Rubia 473cc 6un PCK-6-un.,,,,,,,,,[],,,,,,,,,,,,,,,,,,[],[],,[],[]
7792798992317,"CERVEZA MENDOCINA ROJA LATA, ANDES ORIGEN, 473 cm3",EAN-13 7792798992317,,,,Andes Origen Roja,"Food, Beverages & Tobacco",,Andes Origen,[],,"Agua,malta De Cebada,lupulo",,,,,,,,,473cm³,,,,,,Andes origen roja. Country of origin: Argentina.,[],"['https://images.barcodelookup.com/81595/815953807-1.jpg', 'https://images.barcodelookup.com/81595/815953807-2.jpg']",2023-10-20 05:43:56,[],[]
7792798999866,cerveza ANDES ORIGEN Rubia 473cc LAT-473-cc.,EAN-13 7792798999866,,,,Andes Rubia,"Food, Beverages & Tobacco",,,[],,Receta Mendocina De Origen Rubia Origen Andes,,,,,,,,,,,,,,,Andes rubia. Country of origin: Spain.,[],"['https://images.barcodelookup.com/81595/815953808-1.jpg', 'https://images.barcodelookup.com/81595/815953808-2.jpg']",2023-10-20 05:43:56,[],[]
7793147000752,CERVEZA RUBIA LAGER IMPERIAL LATA X 473 CC,,,,,,,,,[],,,,,,,,,,,,,,,,,,[],[],,[],[]
7793147000899,cerveza HEINEKEN Rubia 1lt Ret BOT-1-lt.,EAN-13 7793147000899,,,,Cerveza Rubia,"Food, Beverages & Tobacco",,Heineken,[],,"La Receta única De Heineken Combina Pura Malta Con Lúpulo Agua Y Nuestra Especial Levadura A. Todo Natural, Sin Agregados Una Lager 100% Malta Para Un Sabor Premium, En Donde Sea Que Estés En El Mundo.",,,,,,,,,950 g,,,,,,Cerveza Rubia. Country of origin: Argentina.,[],"['https://images.barcodelookup.com/81595/815953902-1.jpg', 'https://images.barcodelookup.com/81595/815953902-2.jpg']",2023-10-20 05:43:56,[],[]
7793147000967,CERVEZA BLANCA SALTA RETORNABLE BOTELLA X 1 LT,,,,,,,,,[],,,,,,,,,,,,,,,,,,[],[],,[],[]
7793147000974,CERVEZA NEGRA SALTA BOTELLA RET X 1 LT,,,,,,,,,[],,,,,,,,,,,,,,,,,,[],[],,[],[]
7793147000981,cerveza IMPERIAL Rubia 1lt BOT-1-lt.,EAN-13 7793147000981,,,,Cerveza Lager,"Food, Beverages & Tobacco",,Imperial,[],,,Energy 56 kcal.,,,,,,,,,,,,,,Cerveza Lager. Serving size: 250ml. Country of origin: Argentina.,[],[],2023-10-20 02:31:27,[],[]
7793147000998,CERVEZA IMPERIAL CREAM STOUT RET.1lt.,,,,,,,,,[],,,,,,,,,,,,,,,,,,[],[],,[],[]
7793147001001,cerveza IMPERIAL Roja 1lt Ret BOT-1-lt.,,,,,,,,,[],,,,,,,,,,,,,,,,,,[],[],,[],[]
7793147001025,cerveza SCHNEIDER Lager Rubia 1lt BOT-1-lt.,,,,,,,,,[],,,,,,,,,,,,,,,,,,[],[],,[],[]
7793147001049,cerveza SANTA FE Rubia 1lt Ret BOT-1-lt.,,,,,,,,,[],,,,,,,,,,,,,,,,,,[],[],,[],[]
7793147001056,CERVEZA BLANCA BUDWEISER BOTELLA RET X 1 LT,,,,,,,,,[],,,,,,,,,,,,,,,,,,[],[],,[],[]
7793147001117,Cerveza CBA 473cc LAT-473-cc.,,,,,,,,,[],,,,,,,,,,,,,,,,,,[],[],,[],[]
7793147001216,cerveza SOL Rubia 330cc BOT-330-cc.,,,,,,,,,[],,,,,,,,,,,,,,,,,,[],[],,[],[]
7793147001223,CERVEZA SOL 650cc.,,,,,,,,,[],,,,,,,,,,,,,,,,,,[],[],,[],[]
7793147001353,Cerveza cordoba bot. BOT-970-cc.,,,,,,,,,[],,,,,,,,,,,,,,,,,,[],[],,[],[]
7793147001704,cerveza SOL Rubia 473cc LAT-473-cc.,,,,,,,,,[],,,,,,,,,,,,,,,,,,[],[],,[],[]
7793147001742,CERVEZA NEGRA STOUT IMPERIAL LATA X 473 CC,EAN-13 7793147001742,,,,Imperial Stout,"Food, Beverages & Tobacco",,Imperial,[],,,,,,,,,,,,,,,,,Imperial stout. Country of origin: Spain.,[],['https://images.barcodelookup.com/81595/815953905-1.jpg'],2023-10-20 05:43:56,[],[]
7793147001780,cerveza IMPERIAL Stout 473cc Sixpack PCK-6-un.,,,,,,,,,[],,,,,,,,,,,,,,,,,,[],[],,[],[]
7793147001827,cerveza MILLER Genuine Draft  473cc LAT-0.473-lt.,EAN-13 7793147001827,,,,Cerveza Miller Genuine Draft,"Food, Beverages & Tobacco",,Miller Brewing Co,[],,"Agua, Cebada, Malteada, Jarabe De Maltosa, Lupulo","Energy 143 kcal, Carbohydrates 13 g, Protein 1 g.",,,,,,,,,,,,,,Cerveza Miller Genuine Draft. Country of origin: Argentina.,[],[],2023-10-20 02:31:27,[],[]
7793147009137,cerveza HEINEKEN Rubia 330cc BOT-330-cc.,,,,,,,,,[],,,,,,,,,,,,,,,,,,[],[],,[],[]
7793147009168,CERVEZA HEINEKEN LATA PACK 6u.x354cc.,,,,,,,,,[],,,,,,,,,,,,,,,,,,[],[],,[],[]
7793147009175,cerveza HEINEKEN Rubia 473cc sixpack PCK-6-un.,,,,,,,,,[],,,,,,,,,,,,,,,,,,[],[],,[],[]
7793147009182,CERVEZA HEINEKEN LATA 354cc,,,,,,,,,[],,,,,,,,,,,,,,,,,,[],[],,[],[]
7793147009199,cerveza HEINEKEN Rubia 473cc LAT-473-cc.,EAN-13 7793147009199,,,,Cerveza,"Food, Beverages & Tobacco",,Heineken,[],,"Agua, Cebada Malteada, Extracto De Lúpulo",,,,,,,,,473 cm³,,,,,,Cerveza. Allergens: En:gluten. Country of origin: Argentina.,[],"['https://images.barcodelookup.com/81595/815953907-1.jpg', 'https://images.barcodelookup.com/81595/815953907-2.jpg']",2023-10-20 05:43:56,[],[]
7793147009243,cerveza HEINEKEN Rubia 330cc sixpack PCK-6-un.,,,,,,,,,[],,,,,,,,,,,,,,,,,,[],[],,[],[]
7793147117023,Cerveza cordoba bot. BOT-970-cc.,,,,,,,,,[],,,,,,,,,,,,,,,,,,[],[],,[],[]
7793147118822,CERVEZA LAGER BUDWEISER LATA X 473 CC,EAN-13 7793147118822,,,,Bud,"Food, Beverages & Tobacco",,,[],,,,,,,,,,,473,,,,,,Bud. Country of origin: Spain.,[],['https://images.barcodelookup.com/81595/815953908-1.jpg'],2023-10-20 05:43:56,[],[]
7793147118846,Cerveza Budweiser American Adjunct Lagerrubia Lata 473 ml 6 Unidades,,,,,,,,,[],,,,,,,,,,,,,,,,,,[],[],,[],[]
7793147118853,CERVEZA SCHNEIDER LATA 355cc.,,,,,,,,,[],,,,,,,,,,,,,,,,,,[],[],,[],[]
7793147118860,cerveza SCHNEIDER Lager Rubia 473cc LAT-473-cc.,EAN-13 7793147118860,,,,Cerveza,"Food, Beverages & Tobacco",,,[],,,,,,,,,,,473ml,,,,,,Cerveza. Country of origin: Argentina.,[],"['https://images.barcodelookup.com/81595/815953909-1.jpg', 'https://images.barcodelookup.com/81595/815953909-2.jpg']",2023-10-20 05:43:56,[],[]
7793147118884,cerveza SCHNEIDER Lager Rubia 473cc 6un PCK-6-un.,,,,,,,,,[],,,,,,,,,,,,,,,,,,[],[],,[],[]
7793147119133,"CERVEZA RUBIA LATA SIX PACK, SANTA FE, 2838 cm3",,,,,,,,,[],,,,,,,,,,,,,,,,,,[],[],,[],[]
7793147570057,cerveza MILLER Genuine Draft  473cc 6u PCK-6-un.,,,,,,,,,[],,,,,,,,,,,,,,,,,,[],[],,[],[]
7793147570088,cerveza MILLER Genuine Draft 1lt Ret BOT-1-lt.,,,,,,,,,[],,,,,,,,,,,,,,,,,,[],[],,[],[]
7793147570149,cerveza IMPERIAL Lager 473cc sixpack PCK-6-un.,,,,,,,,,[],,,,,,,,,,,,,,,,,,[],[],,[],[]
7793147570231,Cerveza MILLER Genuine Draft 330CC BOT-0.33-lt.,,,,,,,,,[],,,,,,,,,,,,,,,,,,[],[],,[],[]
7793147570262,Cerveza MILLER Genuine Draft 600cc BOT-600-cc.,,,,,,,,,[],,,,,,,,,,,,,,,,,,[],[],,[],[]
7793147570286,cerveza SANTA FE Lager 473cc LAT-473-ml.,,,,,,,,,[],,,,,,,,,,,,,,,,,,[],[],,[],[]
7793147570330,CERVEZA RUBIA IPA IMPERIAL BOTELLA RET X 1 LT,,,,,,,,,[],,,,,,,,,,,,,,,,,,[],[],,[],[]
7793147570347,Cerveza Salta lata 473ml LAT-473-cc.,,,,,,,,,[],,,,,,,,,,,,,,,,,,[],[],,[],[]
7793147570606,cerveza SCHNEIDER Lager Rubia 710cc LAT-710-cc.,EAN-13 7793147570606,,,,Schneider,"Food, Beverages & Tobacco",,,[],,"Water, Malt, Cereals, Lupulo, Ccu,com,ar Recycle 0800 888 2427 Atencionalconsumidor@ccu,com,ar Www,cervezaschneider,com,ar Recyclable Packaging Drink In Moderation, Prohibited From Sale To Children Under 18 Years,",,,,,,,,,,,,,,,Schneider. Country of origin: Spain.,[],['https://images.barcodelookup.com/81595/815953910-1.jpg'],2023-10-20 05:43:56,[],[]
7793147570637,cerveza BLUE MOON Belgian White 355cc BOT-355-cc.,,,,,,,,,[],,,,,,,,,,,,,,,,,,[],[],,[],[]
7793147570743,CERVEZA RUBIA IPA IMPERIAL LATA X 473 CC,EAN-13 7793147570743,,,,Ipa,"Food, Beverages & Tobacco",,Imperial,[],,"Agua, Malta, Lúpulo Y Levadura.",,,,,,,,,473 cm3,,,,,,Ipa. Allergens: En:gluten. Country of origin: Argentina.,[],"['https://images.barcodelookup.com/81595/815953911-1.jpg', 'https://images.barcodelookup.com/81595/815953911-2.jpg']",2023-10-20 05:43:56,[],[]
7793147570774,cerveza IMPERIAL Roja 473cc LAT-473-cc.,,,,,,,,,[],,,,,,,,,,,,,,,,,,[],[],,[],[]
7793147570828,CERVEZA ISENBECK RUBIA RETORNAB 1LT,,,,,,,,,[],,,,,,,,,,,,,,,,,,[],[],,[],[]
7793147570842,cerveza GROLSCH Pilsner 925cc Ret BOT-925-ml.,,,,,,,,,[],,,,,,,,,,,,,,,,,,[],[],,[],[]
7793147570866,cerveza GROLSCH Pilsner 473cc LAT-473-ml.,,,,,,,,,[],,,,,,,,,,,,,,,,,,[],[],,[],[]
7793147570873,cerveza GROLSCH 473cc six pack PCK-6-un.,,,,,,,,,[],,,,,,,,,,,,,,,,,,[],[],,[],[]
7793147570927,CERVEZA BLANCA WARSTEINER LATA X 473 CC,,,,,,,,,[],,,,,,,,,,,,,,,,,,[],[],,[],[]
7793147570934,cerveza WARSTEINER 473cc six pack PCK-6-un.,,,,,,,,,[],,,,,,,,,,,,,,,,,,[],[],,[],[]
7793147570989,cerveza WARSTEINER 1lt Retornable BOT-1-lt.,,,,,,,,,[],,,,,,,,,,,,,,,,,,[],[],,[],[]
7793147571108,CERVEZA SCHNEIDER ROJA PACK2838CC,,,,,,,,,[],,,,,,,,,,,,,,,,,,[],[],,[],[]
7793147571160,CERVEZA RUBIA APA IMPERIAL LATA X 473 CC,EAN-13 7793147571160,,,,Imperial Apa,"Food, Beverages & Tobacco",,Imperial,[],,,,,,,,,,,,,,,,,Imperial apa. Country of origin: Spain.,[],['https://images.barcodelookup.com/81595/815953913-1.jpg'],2023-10-20 05:43:56,[],[]
7793147571177,cerveza IMPERIAL Apa 1lt BOT-1-lt.,,,,,,,,,[],,,,,,,,,,,,,,,,,,[],[],,[],[]
7793147571191,cerveza IMPERIAL Roja 473cc sixpack PCK-6-un.,,,,,,,,,[],,,,,,,,,,,,,,,,,,[],[],,[],[]
7793147571207,cerveza IMPERIAL Ipa 473cc sixpack PCK-6-un.,,,,,,,,,[],,,,,,,,,,,,,,,,,,[],[],,[],[]
7793147571238,cerveza IMPERIAL Apa 473cc sixpack PCK-6-un.,,,,,,,,,[],,,,,,,,,,,,,,,,,,[],[],,[],[]
7793147571283,cerveza HEINEKEN Rubia 710cc LAT-710-cc.,EAN-13 7793147571283,,,,Heineken,"Food, Beverages & Tobacco",,,[],,,,,,,,,,,,,,,,,Heineken. Country of origin: Spain.,[],['https://images.barcodelookup.com/81595/815953914-1.jpg'],2023-10-20 05:43:56,[],[]
7793147571344,cerveza SALTA Negra 473cc LAT-473-cc.,,,,,,,,,[],,,,,,,,,,,,,,,,,,[],[],,[],[]
7793147571382,cerveza MILLER Genuine Draft 710cc LAT-0.71-lt.,,,,,,,,,[],,,,,,,,,,,,,,,,,,[],[],,[],[]
7793147571412,cerveza IMPERIAL Rubia 710cc LAT-710-cc.,EAN-13 7793147571412,,,,Imperial Lager,"Food, Beverages & Tobacco",,Imperial,[],,,,,,,,,,,710,,,,,,Imperial lager. Country of origin: Spain.,[],['https://images.barcodelookup.com/81595/815953916-1.jpg'],2023-10-20 05:43:56,[],[]
7793147571672,cerveza IMPERIAL Golden 1lt BOT-1-lt.,,,,,,,,,[],,,,,,,,,,,,,,,,,,[],[],,[],[]
7793147571689,CERVEZA RUBIA GOLDEN IMPERIAL LATA X 473 CC,,,,,,,,,[],,,,,,,,,,,,,,,,,,[],[],,[],[]
7793147571726,cerveza IMPERIAL Golden 473cc sixpack PCK-6-un.,,,,,,,,,[],,,,,,,,,,,,,,,,,,[],[],,[],[]
7793147571795,cerveza WARSTEINER 473cc six pack PCK-6-un.,,,,,,,,,[],,,,,,,,,,,,,,,,,,[],[],,[],[]
7793147571818,cerveza GROLSCH 473cc six pack PCK-6-un.,,,,,,,,,[],,,,,,,,,,,,,,,,,,[],[],,[],[]
7793147571856,cerveza SCHNEIDER Lager Rubia 473cc 6un PCK-6-un.,,,,,,,,,[],,,,,,,,,,,,,,,,,,[],[],,[],[]
7793147571863,cerveza HEINEKEN Rubia 473cc sixpack PCK-6-un.,,,,,,,,,[],,,,,,,,,,,,,,,,,,[],[],,[],[]
7793147571870,cerveza IMPERIAL Lager 473cc sixpack PCK-6-un.,,,,,,,,,[],,,,,,,,,,,,,,,,,,[],[],,[],[]
7793147571887,cerveza MILLER Genuine Draft  473cc 6u PCK-6-un.,,,,,,,,,[],,,,,,,,,,,,,,,,,,[],[],,[],[]
7793147572037,cerveza AMSTEL Lager 1lt Ret BOT-1-lt.,,,,,,,,,[],,,,,,,,,,,,,,,,,,[],[],,[],[]
7793147572044,cerveza AMSTEL Lager 473cc LAT-473-cc.,,,,,,,,,[],,,,,,,,,,,,,,,,,,[],[],,[],[]
7793147572051,cerveza AMSTEL Lager 473 sixpack PCK-6-un.,,,,,,,,,[],,,,,,,,,,,,,,,,,,[],[],,[],[]
7793147572075,CERVEZA RUBIA PILSEN SANTA FE LATA X 473 CC,,,,,,,,,[],,,,,,,,,,,,,,,,,,[],[],,[],[]
7793147572082,CERVEZA RUBIA PILSEN SANTA FE BOTELLA X 1 LT,,,,,,,,,[],,,,,,,,,,,,,,,,,,[],[],,[],[]
7793147572099,"CERVEZA PILSEN LATA X 6U, SANTA FE, 2838 cm3",,,,,,,,,[],,,,,,,,,,,,,,,,,,[],[],,[],[]
7793147572204,cerveza NORTE Blanca BOT-1-lt.,,,,,,,,,[],,,,,,,,,,,,,,,,,,[],[],,[],[]
7793147572211,cerveza IGUANA Pilsener 1lt Ret BOT-1-lt.,,,,,,,,,[],,,,,,,,,,,,,,,,,,[],[],,[],[]
7793147572242,"CERVEZA LATA SIX PACK, GROLSCH, 2838 cm3",,,,,,,,,[],,,,,,,,,,,,,,,,,,[],[],,[],[]
7793147572259,cerveza IMPERIAL Roja 473cc sixpack PCK-6-un.,,,,,,,,,[],,,,,,,,,,,,,,,,,,[],[],,[],[]
7793147572266,cerveza IMPERIAL Stout 473cc Sixpack PCK-6-un.,,,,,,,,,[],,,,,,,,,,,,,,,,,,[],[],,[],[]
7793147572273,"CERVEZA LATA IPA PACK X6U, IMPERIAL, 2838 cm3",,,,,,,,,[],,,,,,,,,,,,,,,,,,[],[],,[],[]
7793147572280,"CERVEZA LATA APA PACK X6U, IMPERIAL, 2838 cm3",,,,,,,,,[],,,,,,,,,,,,,,,,,,[],[],,[],[]
7793147572297,cerveza IMPERIAL Golden 473cc sixpack PCK-6-un.,,,,,,,,,[],,,,,,,,,,,,,,,,,,[],[],,[],[]
7793147572303,"CERVEZA LATA SIX PACK, WARSTEINER, 2838 cm3",,,,,,,,,[],,,,,,,,,,,,,,,,,,[],[],,[],[]
7793147572310,cerveza SOL Rubia 473cc sixpack PCK-2.838-lt.,,,,,,,,,[],,,,,,,,,,,,,,,,,,[],[],,[],[]
7793147572327,cerveza SALTA CAUTIVA Rubia 473cc LAT-473-cc.,EAN-13 7793147572327,,,,Salta Rubia,"Food, Beverages & Tobacco",,,[],,,,,,,,,,,,,,,,,Salta rubia. Country of origin: Spain.,[],['https://images.barcodelookup.com/81595/815953917-1.jpg'],2023-10-20 05:43:56,[],[]
7793147572334,CERVEZA BLANCA SALTA CAUTIVA RETORNABLE BOT X 1 LT,,,,,,,,,[],,,,,,,,,,,,,,,,,,[],[],,[],[]
7793147572341,cerveza SALTA CAUTIVA Rubia 473cc 6un PCK-2.838-lt.,,,,,,,,,[],,,,,,,,,,,,,,,,,,[],[],,[],[]
7793147572372,cerveza SALTA CAUTIVA Roja 473cc sixpack PCK-2.838-lt.,,,,,,,,,[],,,,,,,,,,,,,,,,,,[],[],,[],[]
7793147572389,cerveza SALTA CAUTIVA Roja 473cc LAT-473-cc.,,,,,,,,,[],,,,,,,,,,,,,,,,,,[],[],,[],[]
7793147572396,cerveza SALTA CAUTIVA Roja 1tl Ret BOT-1-lt.,,,,,,,,,[],,,,,,,,,,,,,,,,,,[],[],,[],[]
7793147572402,"CERVEZA LAGER LATA SIX PACK, AMSTEL, 2838 cm3",,,,,,,,,[],,,,,,,,,,,,,,,,,,[],[],,[],[]
7793147572433,cerveza BLUE MOON Belgian White 473cc LAT-473-cc.,,,,,,,,,[],,,,,,,,,,,,,,,,,,[],[],,[],[]
7793147572587,cerveza SALTA CAUTIVA Blend 1lt Ret BOT-1-lt.,,,,,,,,,[],,,,,,,,,,,,,,,,,,[],[],,[],[]
7793147572624,CERVEZA RUBIA GOLDEN IMPERIAL LATA X 710 CC,EAN-13 7793147572624,,,,Imperial Golden,"Food, Beverages & Tobacco",,Imperial,[],,,,,,,,,,,710,,,,,,Imperial golden. Country of origin: Spain.,[],['https://images.barcodelookup.com/81595/815953918-1.jpg'],2023-10-20 05:43:56,[],[]
7793147572655,cerveza NORTE Rubia 473cc LAT-473-cc.,,,,,,,,,[],,,,,,,,,,,,,,,,,,[],[],,[],[]
7793147572679,cerveza IMPERIAL Golden 710cc sixpack PCK-6-un.,,,,,,,,,[],,,,,,,,,,,,,,,,,,[],[],,[],[]
7793147572723,cerveza IMPERIAL Roja 473cc LAT-473-cc.,EAN-13 7793147572723,,,,Imperial Roja,"Food, Beverages & Tobacco",,Imperial,[],,,,,,,,,,,,,,,,,Imperial roja. Country of origin: Spain.,[],['https://images.barcodelookup.com/81595/815953919-1.jpg'],2023-10-20 05:43:56,[],[]
7793147572747,cerveza IMPERIAL Roja 1lt Ret BOT-1-lt.,,,,,,,,,[],,,,,,,,,,,,,,,,,,[],[],,[],[]
7793147572754,cerveza IMPERIAL Roja 473cc sixpack PCK-6-un.,,,,,,,,,[],,,,,,,,,,,,,,,,,,[],[],,[],[]
7793147572808,cerveza HEINEKEN Cero 355cc LAT-0.355-lt.,EAN-13 7793147572808,,,,Heineken Sin Alcohol,"Food, Beverages & Tobacco",,,[],,,,,,,,,,,,,,,,,Heineken sin alcohol. Country of origin: Spain.,[],['https://images.barcodelookup.com/81595/815953920-1.jpg'],2023-10-20 05:43:56,[],[]
7793147572815,cerveza IMPERIAL Roja 0.0% 355cc LAT-0.355-lt.,,,,,,,,,[],,,,,,,,,,,,,,,,,,[],[],,[],[]
7793147572822,CERVEZA SIN ALCOHOL GOLDEN CERO IMPERIAL LAT 355 ML,,,,,,,,,[],,,,,,,,,,,,,,,,,,[],[],,[],[]
7793147572839,cerveza GROLSCH Red Ale 473cc LAT-0.473-lt.,EAN-13 7793147572839,,,,Red Ale,"Food, Beverages & Tobacco",,Grolsch,[],,,Energy 44 kcal.,,,,,,,,,,,,,,Red Ale. Serving size: 473 ml. Country of origin: Argentina.,[],['https://images.barcodelookup.com/81595/815953921-1.jpg'],2023-10-20 05:43:56,[],[]
7793147572846,cerveza GROLSCH Ipa 473cc LAT-0.473-lt.,EAN-13 7793147572846,,,,Grolsch Ipa,"Food, Beverages & Tobacco",,,[],,,,,,,,,,,,,,,,,Grolsch ipa. Country of origin: Spain.,[],['https://images.barcodelookup.com/81595/815953922-1.jpg'],2023-10-20 05:43:56,[],[]
7793147572853,CERVEZA BLANCA LAGER AMSTEL LATA X 710 CC,,,,,,,,,[],,,,,,,,,,,,,,,,,,[],[],,[],[]
7793147572907,cerveza BIECKERT Bapa 473cc LAT-0.5-lt.,,,,,,,,,[],,,,,,,,,,,,,,,,,,[],[],,[],[]
7793147572914,cerveza BIECKERT Urbana 473cc LAT-0.5-lt.,,,,,,,,,[],,,,,,,,,,,,,,,,,,[],[],,[],[]
7793147573034,cerveza BIECKERT Urbana 473cc LAT-0.5-lt.,,,,,,,,,[],,,,,,,,,,,,,,,,,,[],[],,[],[]
7793147573096,CERVEZA PALERMO RUBIA 970CC,,,,,,,,,[],,,,,,,,,,,,,,,,,,[],[],,[],[]
7793147573126,cerveza HEINEKEN 150 años 1lt Ret BOT-1-lt.,,,,,,,,,[],,,,,,,,,,,,,,,,,,[],[],,[],[]
7793147573133,CERVEZA PORRON ED 150 AÑO,,,,,,,,,[],,,,,,,,,,,,,,,,,,[],[],,[],[]
7793147573188,cerveza WARSTEINER ED Ret. 1lt BOT-1-lt.,,,,,,,,,[],,,,,,,,,,,,,,,,,,[],[],,[],[]
7793147573195,cerveza BLUE MOON Belgian White 473cc LAT-473-cc.,,,,,,,,,[],,,,,,,,,,,,,,,,,,[],[],,[],[]
7793147573232,CERVEZA BLANCA LIVIANA CORDOBA BOTELLA RET X 1 LT,,,,,,,,,[],,,,,,,,,,,,,,,,,,[],[],,[],[]
7793147573249,CERVEZA BLANCA LIVIANA CORDOBA LATA X 473 CC,,,,,,,,,[],,,,,,,,,,,,,,,,,,[],[],,[],[]
7793147573324,cerveza IMPERIAL Extra Lager UAR 473cc LAT-0.5-lt.,,,,,,,,,[],,,,,,,,,,,,,,,,,,[],[],,[],[]
7793147573331,cerveza IMPERIAL Lager 473cc sixpack PCK-6-un.,,,,,,,,,[],,,,,,,,,,,,,,,,,,[],[],,[],[]
7793147573355,cerveza WARSTEINER E. Limitada 473cc LAT-0.473-lt.,,,,,,,,,[],,,,,,,,,,,,,,,,,,[],[],,[],[]
7793147573362,cerveza WARSTEINER 473cc six pack PCK-6-un.,,,,,,,,,[],,,,,,,,,,,,,,,,,,[],[],,[],[]
7793147573386,CERVEZA BLANCA GENUINE DRAFT MILLER LATA X 473 CC,,,,,,,,,[],,,,,,,,,,,,,,,,,,[],[],,[],[]
7793147573409,cerveza SCHNEIDER Lager Rubia 473cc 6un PCK-6-un.,,,,,,,,,[],,,,,,,,,,,,,,,,,,[],[],,[],[]
7793147573423,cerveza MILLER Genuine Draft  473cc 6u PCK-6-un.,,,,,,,,,[],,,,,,,,,,,,,,,,,,[],[],,[],[]
7793147573447,cerveza BIECKERT Costanera Sur  473cc LAT-0.473-lt.,,,,,,,,,[],,,,,,,,,,,,,,,,,,[],[],,[],[]
7793147573461,cerveza BIECKERT Bapa 630cc BOT-0.636-lt.,,,,,,,,,[],,,,,,,,,,,,,,,,,,[],[],,[],[]
7793147573492,cerveza MILLER ED. 330cc BOT-0.33-lt.,,,,,,,,,[],,,,,,,,,,,,,,,,,,[],[],,[],[]
7793147573508,"CERVEZA LONG NECK SIX PACK, MILLER, 1980 cm3",,,,,,,,,[],,,,,,,,,,,,,,,,,,[],[],,[],[]
7793147573515,CERVEZA BLANCA LIVIANA ISENBECK LATA X 473 CC,,,,,,,,,[],,,,,,,,,,,,,,,,,,[],[],,[],[]
7793147573546,CERVEZA BLANCA AMSTEL LAGER PURA MALTA LATA X 473,,,,,,,,,[],,,,,,,,,,,,,,,,,,[],[],,[],[]
7793147573560,cerveza IMPERIAL Golden Ligera 473cc LAT-0.473-lt.,,,,,,,,,[],,,,,,,,,,,,,,,,,,[],[],,[],[]
7793147573591,"CERVEZA LAGER BOTELLA C/RETORNO, AMSTEL, 1000 cm3",,,,,,,,,[],,,,,,,,,,,,,,,,,,[],[],,[],[]
7793147573607,cerveza SCHNEIDER Lager Rubi AFA 1lt Ret BOT-1-lt.,,,,,,,,,[],,,,,,,,,,,,,,,,,,[],[],,[],[]
7793147573614,cerveza SOL Rubia 473cc LAT-473-cc.,,,,,,,,,[],,,,,,,,,,,,,,,,,,[],[],,[],[]
7793147573621,cerveza SOL Rubia 473cc sixpack PCK-2.838-lt.,,,,,,,,,[],,,,,,,,,,,,,,,,,,[],[],,[],[]
7793147573652,cerveza SOL Rubia 330cc BOT-330-cc.,,,,,,,,,[],,,,,,,,,,,,,,,,,,[],[],,[],[]
7793147573683,cerveza SALTA CAUTIVA Session Ipa 473cc LAT-0.473-lt.,,,,,,,,,[],,,,,,,,,,,,,,,,,,[],[],,[],[]
7793147573720,CERVEZA GOLDEN N IMPERIAL BOTELLA RET X 1 LT,,,,,,,,,[],,,,,,,,,,,,,,,,,,[],[],,[],[]
7793147573737,CERVEZA RUBIA LAGER IMPERIAL N BOTELLA RET X 1 LT,,,,,,,,,[],,,,,,,,,,,,,,,,,,[],[],,[],[]
7793147573744,CERVEZA RUBIA SANTA FE BOTELLA RET X 1 LT,,,,,,,,,[],,,,,,,,,,,,,,,,,,[],[],,[],[]
7793147573751,CERVEZA BLANCA NORTE BOTELLA RET X 1,,,,,,,,,[],,,,,,,,,,,,,,,,,,[],[],,[],[]
7793147574024,cerveza BLUE MOON Belgian White 355cc BOT-355-cc.,,,,,,,,,[],,,,,,,,,,,,,,,,,,[],[],,[],[]
7793147574109,CERVEZA LIVIANA GOLDEN IMPERIAL BOT 330 CMQ,,,,,,,,,[],,,,,,,,,,,,,,,,,,[],[],,[],[]
7795379101061,NATUFARMA LEVADURA DE CERVEZA,,,,,,,,,[],,,,,,,,,,,,,,,,,,[],[],,[],[]
7795697000190,cerveza GROLSCH Pilsner 925cc Ret BOT-925-ml.,,,,,,,,,[],,,,,,,,,,,,,,,,,,[],[],,[],[]
7795697000213,cerveza GROLSCH Pilsner 473cc LAT-473-ml.,,,,,,,,,[],,,,,,,,,,,,,,,,,,[],[],,[],[]
7795697000220,cerveza GROLSCH 473cc six pack PCK-6-un.,,,,,,,,,[],,,,,,,,,,,,,,,,,,[],[],,[],[]
7795697001401,CERVEZA ISENBECK 1 LT.ENV.RETOR.,,,,,,,,,[],,,,,,,,,,,,,,,,,,[],[],,[],[]
7795697001661,CERVEZA ISENBECK 1lt ENV.NO RETOR.,,,,,,,,,[],,,,,,,,,,,,,,,,,,[],[],,[],[]
7795697001692,CERVEZA ISENBECK LONG NECK 355cc,,,,,,,,,[],,,,,,,,,,,,,,,,,,[],[],,[],[]
7795697001708,CERVEZA ISENBECK 1 LT.ENV.RETOR.,,,,,,,,,[],,,,,,,,,,,,,,,,,,[],[],,[],[]
7795697002149,cerveza WARSTEINER 473cc six pack PCK-6-un.,,,,,,,,,[],,,,,,,,,,,,,,,,,,[],[],,[],[]
7795697101415,CERVEZA ISENBECK LONG NECK 355cc,,,,,,,,,[],,,,,,,,,,,,,,,,,,[],[],,[],[]
7795697104928,CERVEZA ISENBECK 1lt ENV.NO RETOR.,,,,,,,,,[],,,,,,,,,,,,,,,,,,[],[],,[],[]
7795697431345,cerveza MILLER Genuine Draft 1lt Ret BOT-1-lt.,,,,,,,,,[],,,,,,,,,,,,,,,,,,[],[],,[],[]
7795697431352,Cerveza MILLER Genuine Draft 330CC BOT-0.33-lt.,,,,,,,,,[],,,,,,,,,,,,,,,,,,[],[],,[],[]
7795697611167,CERVEZA ISENBECK LATA 473cc.,,,,,,,,,[],,,,,,,,,,,,,,,,,,[],[],,[],[]
7795697611662,CERVEZA ISENBECK 1lt ENV.NO RETOR.,,,,,,,,,[],,,,,,,,,,,,,,,,,,[],[],,[],[]
7795697612133,cerveza WARSTEINER 473cc LAT-473-ml.,,,,,,,,,[],,,,,,,,,,,,,,,,,,[],[],,[],[]
7795697612706,cerveza WARSTEINER 1lt Retornable BOT-1-lt.,,,,,,,,,[],,,,,,,,,,,,,,,,,,[],[],,[],[]
7795697615127,Cerveza MILLER Genuine Draft 600cc BOT-600-cc.,,,,,,,,,[],,,,,,,,,,,,,,,,,,[],[],,[],[]
7795697615172,cerveza MILLER Genuine Draft  473cc LAT-0.473-lt.,,,,,,,,,[],,,,,,,,,,,,,,,,,,[],[],,[],[]
7795742011201,CERVEZA BRAHMA CHOPP 1lt.,,,,,,,,,[],,,,,,,,,,,,,,,,,,[],[],,[],[]
7795742084359,cerveza BRAHMA Chopp 473cc LAT-473-cc.,,,,,,,,,[],,,,,,,,,,,,,,,,,,[],[],,[],[]
7798054012980,CERVEZA RUBIA,,,,,,,,,[],,,,,,,,,,,,,,,,,,[],[],,[],[]
7798091030268,cerveza ANTARES Caravana 473cc LAT-473-ml.,EAN-13 7798091030268,,,,Antares Caravana Sesion Ipa,"Food, Beverages & Tobacco",,,[],,,,,,,,,,,,,,,,,Antares caravana sesion ipa. Country of origin: Spain.,[],['https://images.barcodelookup.com/81595/815955223-1.jpg'],2023-10-20 05:43:56,[],[]
7798091030275,cerveza ANTARES Ipa 473cc LAT-473-ml.,EAN-13 7798091030275,,,,Antares Ipa Verde,"Food, Beverages & Tobacco",,,[],,,,,,,,,,,,,,,,,Antares ipa verde. Country of origin: Spain.,[],['https://images.barcodelookup.com/81595/815955224-1.jpg'],2023-10-20 05:43:56,[],[]
7798091030299,CERVEZA ARTESANAL HONEY ANTARES LATA 473 CC,EAN-13 7798091030299,,,,Honey Beeee,"Food, Beverages & Tobacco",,Antares,[],,,,,,,,,,,473 ml,,,,,,Honey Beeee. Country of origin: Argentina.,[],"['https://images.barcodelookup.com/81595/815955225-1.jpg', 'https://images.barcodelookup.com/81595/815955225-2.jpg']",2023-10-20 05:43:56,[],[]
7798091030329,CERVEZA ARTESANAL KOLSCH ANTARES LATA 473 CC,,,,,,,,,[],,,,,,,,,,,,,,,,,,[],[],,[],[]
7798091030343,CERVEZA ARTESANAL SCOTCH ANTARES LATA 473 CC,EAN-13 7798091030343,,,,Antares Scotch,"Food, Beverages & Tobacco",,,[],,,,,,,,,,,,,,,,,Antares scotch. Country of origin: Spain.,[],['https://images.barcodelookup.com/81595/815955226-1.jpg'],2023-10-20 05:43:56,[],[]
7798091030350,"CERVEZA DORADA CITRICA PLAYA GRANDE, ANTARES, 473 cm3",EAN-13 7798091030350,,,,Antares Playa Grande,"Food, Beverages & Tobacco",,,[],,,,,,,,,,,,,,,,,Antares playa grande. Country of origin: Spain.,[],['https://images.barcodelookup.com/81595/815955227-1.jpg'],2023-10-20 05:43:56,[],[]
7798091030497,cerveza ANTARES Ipa 25 años 473cc LAT-0.473-lt.,,,,,,,,,[],,,,,,,,,,,,,,,,,,[],[],,[],[]
7798091030510,CERVEZA ARTESANAL IPA NEW ANTARES LATA 473 CC,,,,,,,,,[],,,,,,,,,,,,,,,,,,[],[],,[],[]
7798091030527,CERVEZA ARTESANAL LAGER ANTARES LATA 473 CC,,,,,,,,,[],,,,,,,,,,,,,,,,,,[],[],,[],[]
7798101830031,CERVEZA IPA BR 330 CC         ,,,,,,,,,[],,,,,,,,,,,,,,,,,,[],[],,[],[]
7798101830055,CERVEZA HONEY BR 330 CC       ,,,,,,,,,[],,,,,,,,,,,,,,,,,,[],[],,[],[]
7798101830154,CERVEZA BARBA ROJA FRUTADA X 1,,,,,,,,,[],,,,,,,,,,,,,,,,,,[],[],,[],[]
7798101831045,CERVEZA FRUTADA BR 330 CC     ,,,,,,,,,[],,,,,,,,,,,,,,,,,,[],[],,[],[]
7798116251104,MOSTAZA BRENNAN A LA CERVEZA POT-200-gr.,,,,,,,,,[],,,,,,,,,,,,,,,,,,[],[],,[],[]
7798119090014,"CERVEZA LONG NECK RUBIA PILSEN, BLEST, 355 cm3",,,,,,,,,[],,,,,,,,,,,,,,,,,,[],[],,[],[]
7798119090021,"CERVEZA LONG NECK NEGRA BOCK, BLEST, 355 cm3",,,,,,,,,[],,,,,,,,,,,,,,,,,,[],[],,[],[]
7798119090069,"CERVEZA LONG NECK ROJA SCOTCH, BLEST, 355 cm3",,,,,,,,,[],,,,,,,,,,,,,,,,,,[],[],,[],[]
7798119090076,"CERVEZA LONG NECK INDIA PALE ALE, BLEST, 355 cm3",,,,,,,,,[],,,,,,,,,,,,,,,,,,[],[],,[],[]
7798119090083,"CERVEZA LONG NECK HONEY QUEEN, BLEST, 355 cm3",,,,,,,,,[],,,,,,,,,,,,,,,,,,[],[],,[],[]
7798119090137,"CERVEZA LATA SCOTCH, BLEST, 473 cm3",,,,,,,,,[],,,,,,,,,,,,,,,,,,[],[],,[],[]
7798119090144,"CERVEZA IPA LATA, BLEST, 473 cm3",,,,,,,,,[],,,,,,,,,,,,,,,,,,[],[],,[],[]
7798119090151,"CERVEZA LATA HONEY, BLEST, 473 cm3",,,,,,,,,[],,,,,,,,,,,,,,,,,,[],[],,[],[]
7798119090212,"CERVEZA MEXICAN LAGER LATA, BLEST, 473 cm3",,,,,,,,,[],,,,,,,,,,,,,,,,,,[],[],,[],[]
7798135920753,VASO CERVEZA DESCART,,,,,,,,,[],,,,,,,,,,,,,,,,,,[],[],,[],[]
7798137950055,"CERVEZA RUBIA GOLDEN ALE, BEAGLE, 1000 cm3",EAN-13 7798137950055,,,,Beagle,"Food, Beverages & Tobacco",,Beagle,[],,,,,,,,,,,,,,,,,Beagle. Country of origin: Argentina.,[],"['https://images.barcodelookup.com/81595/815955514-1.jpg', 'https://images.barcodelookup.com/81595/815955514-2.jpg']",2023-10-20 05:43:57,[],[]
7798137950062,"CERVEZA ROJA RED ALE, BEAGLE, 1000 cm3",,,,,,,,,[],,,,,,,,,,,,,,,,,,[],[],,[],[]
7798137950079,"CERVEZA NEGRA CREAM STOUT, BEAGLE, 1000 cm3",,,,,,,,,[],,,,,,,,,,,,,,,,,,[],[],,[],[]
7798137950086,"CERVEZA LONG NECK ZERO IPA, CAPE HORN, 500 cm3",,,,,,,,,[],,,,,,,,,,,,,,,,,,[],[],,[],[]
7798137953100,"CERVEZA RUBIA LONG NECK GOLDEN ALE, BEAGLE, 330 cm3",,,,,,,,,[],,,,,,,,,,,,,,,,,,[],[],,[],[]
7798137953209,"CERVEZA NEGRA LONG NECK CREAM STOUT, BEAGLE, 330 cm3",,,,,,,,,[],,,,,,,,,,,,,,,,,,[],[],,[],[]
7798137953308,"CERVEZA ROJA LONG NECK RED ALE, BEAGLE, 330 cm3",,,,,,,,,[],,,,,,,,,,,,,,,,,,[],[],,[],[]
7798137955203,"CERVEZA LONG NECK PALE ALE, CAPE HORN, 500 cm3",,,,,,,,,[],,,,,,,,,,,,,,,,,,[],[],,[],[]
7798137955302,"CERVEZA LONG NECK OATMEAL STOUT, CAPE HORN, 500 cm3",,,,,,,,,[],,,,,,,,,,,,,,,,,,[],[],,[],[]
7798137955609,"CERVEZA LONG NECK HONEY, CAPE HORN, 500 cm3",,,,,,,,,[],,,,,,,,,,,,,,,,,,[],[],,[],[]
7798137955708,"CERVEZA LONG NECK PILSEN, CAPE HORN, 500 cm3",,,,,,,,,[],,,,,,,,,,,,,,,,,,[],[],,[],[]
7798137955920,"CERVEZA EXTRA OSCURA IPA, BEAGLE, 1000 cm3",,,,,,,,,[],,,,,,,,,,,,,,,,,,[],[],,[],[]
7798137955944,"CERVEZA GLACIER LAGER, BEAGLE, 1000 cm3",,,,,,,,,[],,,,,,,,,,,,,,,,,,[],[],,[],[]
7798137956163,"CERVEZA LAGER LATA, PIONERA, 473 cm3",,,,,,,,,[],,,,,,,,,,,,,,,,,,[],[],,[],[]
7798146380287,"CERVEZA PATAG. SPECIAL BITTER LATA, BERLINA, 473 cm3",,,,,,,,,[],,,,,,,,,,,,,,,,,,[],[],,[],[]
7798165591183,cerveza BEEPURE Honey 500cc BOT-0.5-lt.,,,,,,,,,[],,,,,,,,,,,,,,,,,,[],[],,[],[]
7798165591480,cerveza BEEPURE Blonde 500cc BOT-0.5-lt.,,,,,,,,,[],,,,,,,,,,,,,,,,,,[],[],,[],[]
7798165591497,cerveza BEEPURE Scotish 500cc BOT-0.5-lt.,,,,,,,,,[],,,,,,,,,,,,,,,,,,[],[],,[],[]
7798165591503,cerveza BEEPURE Session Ipa 500cc BOT-0.5-lt.,,,,,,,,,[],,,,,,,,,,,,,,,,,,[],[],,[],[]
7798165591510,cerveza BEEPURE Belgian White 500cc BOT-0.5-lt.,,,,,,,,,[],,,,,,,,,,,,,,,,,,[],[],,[],[]
7798287170013,CERVEZA RUBIA KOLSCH PENON DEL AGUILA LATA X 473CC,,,,,,,,,[],,,,,,,,,,,,,,,,,,[],[],,[],[]
7798287170020,cerveza PEÑON DEL AGUILA Roja 473cc LAT-473-ml.,,,,,,,,,[],,,,,,,,,,,,,,,,,,[],[],,[],[]
7798287170037,CERVEZA  SCHWARZBIER PEÑON LAT-473-ml.,,,,,,,,,[],,,,,,,,,,,,,,,,,,[],[],,[],[]
7798287170044,cerveza PEÑON DEL AGUILA Miel 473CC LAT-473-ml.,,,,,,,,,[],,,,,,,,,,,,,,,,,,[],[],,[],[]
7798287170129,"CERVEZA EXTRA OSC. WALDBIER LATA, PEÑON DEL AGUIL, 473 cm3",,,,,,,,,[],,,,,,,,,,,,,,,,,,[],[],,[],[]
7798287170181,cerveza PEÑON DEL AGUILA Mexi Lage 473cc LAT-473-cc.,,,,,,,,,[],,,,,,,,,,,,,,,,,,[],[],,[],[]
7798287170365,cerveza LIT Light Lager 473cc LAT-473-cc.,,,,,,,,,[],,,,,,,,,,,,,,,,,,[],[],,[],[]
7798287170433,CERVEZA RED ALE LIT LATA X 473 CC,,,,,,,,,[],,,,,,,,,,,,,,,,,,[],[],,[],[]
7798287170655,cerveza PEÑON DEL AGUILA Abstemia 473cc LAT-0.473-lt.,,,,,,,,,[],,,,,,,,,,,,,,,,,,[],[],,[],[]
7798287170815,PACK CERVEZA PENON DEL AGUILA LATA 2 X473 + 1 COPA,,,,,,,,,[],,,,,,,,,,,,,,,,,,[],[],,[],[]
7798332150014,CERVEZA IPA SUPER STAR BIERHAUS LAT 473 CMQ,,,,,,,,,[],,,,,,,,,,,,,,,,,,[],[],,[],[]
7798332150038,CERVEZA HONEY LAZYBEE BIERHAUS LAT 473 CMQ,,,,,,,,,[],,,,,,,,,,,,,,,,,,[],[],,[],[]
7798332150045,CERVEZA SCOTCH MOMENT BIERHAUS LAT 473 CMQ,,,,,,,,,[],,,,,,,,,,,,,,,,,,[],[],,[],[]
7798332150076,CERVEZA APA BOSS TOWN BIERHAUS LAT 473 CMQ,,,,,,,,,[],,,,,,,,,,,,,,,,,,[],[],,[],[]
7798332150151,CERVEZA IPA TIMELESS RED BIERHAUS LAT 473 CMQ,,,,,,,,,[],,,,,,,,,,,,,,,,,,[],[],,[],[]
7798332150267,cerveza BIERHAUS Mex Lager 473cc LAT-473-cc.,,,,,,,,,[],,,,,,,,,,,,,,,,,,[],[],,[],[]
7798332150724,cerveza BIERHAUS Chalaland 473cc LAT-0.473-lt.,,,,,,,,,[],,,,,,,,,,,,,,,,,,[],[],,[],[]
7798332150779,cerveza BIERHAUS Chalalager 473cc LAT-0.473-lt.,,,,,,,,,[],,,,,,,,,,,,,,,,,,[],[],,[],[]
7798332150816,CERVEZA LAGER GOLD.STATE BIERHAUS LAT 473 CMQ,,,,,,,,,[],,,,,,,,,,,,,,,,,,[],[],,[],[]
7798339250137,cerveza RABIETA American Ipa 473cc LAT-473-cc.,,,,,,,,,[],,,,,,,,,,,,,,,,,,[],[],,[],[]
7798339250144,cerveza RABIETA Golden Ale 473cc LAT-473-cc.,,,,,,,,,[],,,,,,,,,,,,,,,,,,[],[],,[],[]
7798339250151,cerveza RABIETA Red Irish Ale 473cc LAT-473-cc.,,,,,,,,,[],,,,,,,,,,,,,,,,,,[],[],,[],[]
7798339250182,cerveza RABIETA Red Honey 473cc LAT-473-cc.,,,,,,,,,[],,,,,,,,,,,,,,,,,,[],[],,[],[]
7798339250199,CERVEZA RABIETA WEE HEAVY LAT 473 CMQ,,,,,,,,,[],,,,,,,,,,,,,,,,,,[],[],,[],[]
7798339250212,cerveza RABIETA Helles Munich 473cc LAT-473-cc.,,,,,,,,,[],,,,,,,,,,,,,,,,,,[],[],,[],[]
7798339250229,cerveza RABIETA Apa 473cc LAT-473-cc.,,,,,,,,,[],,,,,,,,,,,,,,,,,,[],[],,[],[]
7798339250236,cerveza RABIETA Red Ipa 473cc LAT-473-cc.,,,,,,,,,[],,,,,,,,,,,,,,,,,,[],[],,[],[]
7798339250588,CERVEZA SIETE CHOLAS AMERICAN  IPA LAT 473 CMQ,,,,,,,,,[],,,,,,,,,,,,,,,,,,[],[],,[],[]
7798339250601,CERVEZA SIETE CHOLAS LAGER  LAT 473 CMQ,,,,,,,,,[],,,,,,,,,,,,,,,,,,[],[],,[],[]
7798339251127,cerveza PAMPA BREWING IPA 473cc LAT-473-cc.,,,,,,,,,[],,,,,,,,,,,,,,,,,,[],[],,[],[]
7798339251134,cerveza PAMPA BREWING Amber Ale 473cc LAT-473-cc.,,,,,,,,,[],,,,,,,,,,,,,,,,,,[],[],,[],[]
7798339251141,cerveza PAMPA BREWING Golden Ale 473cc LAT-473-cc.,,,,,,,,,[],,,,,,,,,,,,,,,,,,[],[],,[],[]
7798339251370,cerveza PAMPA BREWING Honey 473cc LAT-473-cc.,,,,,,,,,[],,,,,,,,,,,,,,,,,,[],[],,[],[]
7798339251509,cerveza GUINNESS Extra Stout 473cc LAT-473-cc.,EAN-13 7798339251509,,,,Guinness Beer Can Made in Argentina EMPTY,,,,[],,,,,,,,,,,,,,,,,Guinness Beer can Made in Argentina EMPTY.,[],"['https://images.barcodelookup.com/131868/1318686802-1.jpg', 'https://images.barcodelookup.com/131868/1318686802-2.jpg', 'https://images.barcodelookup.com/131868/1318686802-3.jpg', 'https://images.barcodelookup.com/131868/1318686802-4.jpg', 'https://images.barcodelookup.com/131868/1318686802-5.jpg', 'https://images.barcodelookup.com/131868/1318686802-6.jpg', 'https://images.barcodelookup.com/131868/1318686802-7.jpg']",2025-01-02 16:11:37,[],[]
7798339251561,cerveza PAMPA BREWING Cream Stout 473cc LAT-473-cc.,,,,,,,,,[],,,,,,,,,,,,,,,,,,[],[],,[],[]
7798339253336,CERVEZA HONEY SIETE CHOLAS LAT 473 ML,,,,,,,,,[],,,,,,,,,,,,,,,,,,[],[],,[],[]
7798348300021,CERVEZA S TACC DE MIJO MIEL GAUTHER LATA X 473 CC,,,,,,,,,[],,,,,,,,,,,,,,,,,,[],[],,[],[]
7798348300038,CERVEZA S TACC DE MIJO FRAMB GAUTHER LATA 473CC,,,,,,,,,[],,,,,,,,,,,,,,,,,,[],[],,[],[]
7798348300045,CERVEZA S TACC DE MIJO ORO GAUTHER LATA X 473 CC,,,,,,,,,[],,,,,,,,,,,,,,,,,,[],[],,[],[]
7798357150013,CERVEZA GOYENECHE BLONDE 500  ,,,,,,,,,[],,,,,,,,,,,,,,,,,,[],[],,[],[]
7798357150020,CERVEZA GOYENECHE SCOTISH 500 ,,,,,,,,,[],,,,,,,,,,,,,,,,,,[],[],,[],[]
7798357150037,CERVEZA GOYENECHE PORTER 500  ,,,,,,,,,[],,,,,,,,,,,,,,,,,,[],[],,[],[]
7798357150051,CERVEZA GOYENECHE HONEY 500   ,,,,,,,,,[],,,,,,,,,,,,,,,,,,[],[],,[],[]
7802100003270,CERVEZA SIN ALCOHOL 0.0 % HEINEKEN BOT 330 CMQ,,,,,,,,,[],,,,,,,,,,,,,,,,,,[],[],,[],[]
7802107000562,cerveza KUNSTMANN Roja Torobayo 470cc LAT-470-cc.,EAN-13 7802107000562,,,,Torobayo,"Food, Beverages & Tobacco",,Kuntsmann,[],,,,,,,,,,,470cc,,,,,,Torobayo. Country of origin: Chile.,[],"['https://images.barcodelookup.com/81595/815956796-1.jpg', 'https://images.barcodelookup.com/81595/815956796-2.jpg', 'https://images.barcodelookup.com/81595/815956796-3.jpg']",2023-10-20 05:43:57,[],[]
7802107000876,cerveza KUNSTMANN Ipa Session 470cc LAT-470-cc.,,,,,,,,,[],,,,,,,,,,,,,,,,,,[],[],,[],[]
7891149011209,CERVEZA BRAHMA CHOPP 1lt.,,,,,,,,,[],,,,,,,,,,,,,,,,,,[],[],,[],[]
7891155000389,VASO CERVEZA TULIPA NADIR 300ml,,,,,,,,,[],,,,,,,,,,,,,,,,,,[],[],,[],[]
7891155003229,VASO CERVEZA MUNICH NADIR 300ml,EAN-13 7891155003229,88846.0,,,"Copo Para Cerveja Nadir Munich 300ml, Vidro - 7709",,,Nadir,[],,,,,yes,,,,,,,,,,,,"O Copo para Cerveja Nadir Munich possui capacidade de 300ml. Ele é perfeito para servir cerveja, entre outras bebidas. Nadir significa tradição e qualidade para qualquer momento do dia. É a marca referência em bom gosto e durabilidade.",[],['https://images.barcodelookup.com/31576/315761548-1.jpg'],2023-06-25 21:13:04,[],[]
7891155003908,COPA CERVEZA FLORIDA 300ml.,,,,,,,,,[],,,,,,,,,,,,,,,,,,[],[],,[],[]
7891155013150,VASO CERVEZA MUNICH NADIR 530ml,,,,,,,,,[],,,,,,,,,,,,,,,,,,[],[],,[],[]
7891155013839,VASO CERVEZA FREVO NADIR 320ml,,,,,,,,,[],,,,,,,,,,,,,,,,,,[],[],,[],[]
7891155042600,COPA CERVEZA DUBLIN NADIR 400ml,,,,,,,,,[],,,,,,,,,,,,,,,,,,[],[],,[],[]
7891155043829,VASO CERVEZA STOUT NADIR 473ml,,,,,,,,,[],,,,,,,,,,,,,,,,,,[],[],,[],[]
8008440222008,CERVEZA RUBIA PERONI BOT 330 ML,EAN-13 8008440222008,,93700.0,B015Z9QCMK,Peroni,"Food, Beverages & Tobacco",Birra Peroni,"Peroni,SAB Miller,Perini,Country Life",[],,"Water, Barley Malt, Italian Maize, Hop Pellets An Extract",,,,,,,,,33 cl,0.39,0.39,0.39,,,"Peroni. Serving size: 33 cl. Allergens: En:gluten. Labels: Not advised for specific people, Not advised for pregnant women, it:No-car, it:Tidyman-recycle, en:green-dot. Country of origin: France,Germany,Greece,Sweden,Switzerland,United Kingdom.","['An intensely crisp and refreshing lager, with an unmistakable touch of Italian style', 'The passion and flair of the Italian brewers designed a unique taste that suits the Italian palate', 'Enjoy with well with light Italian food', 'Alcohol by volume 5.1%']",['https://images.barcodelookup.com/4487/44877120-1.jpg'],2024-06-22 12:36:54,"[{'name': 'Idealo ES', 'country': 'EU', 'currency': 'EUR', 'currency_symbol': '€', 'price': '1.69', 'sale_price': '', 'tax': [], 'link': 'https://www.idealo.es/precios/6555421.html?utm_medium=affiliate&utm_source=zanoxes&utm_campaign=!!!id!!!&utm_content=feed&camp=zanoxes', 'item_group_id': '', 'availability': '', 'condition': '', 'shipping': [], 'last_update': '2021-06-22 04:03:06'}, {'name': 'Beerwulf NL', 'country': 'EU', 'currency': 'EUR', 'currency_symbol': '€', 'price': '2.39', 'sale_price': '', 'tax': [], 'link': 'https://www.beerwulf.com/nl/p/bier/peroni-nastro-azzurro.33', 'item_group_id': '', 'availability': '', 'condition': '', 'shipping': [], 'last_update': '2021-06-22 03:48:04'}, {'name': 'Auchan Retail Portugal', 'country': 'EU', 'currency': 'EUR', 'currency_symbol': '€', 'price': '1.99', 'sale_price': '', 'tax': [], 'link': 'https://www.auchan.pt/pt/bebidas-e-garrafeira/cervejas-e-sidras/cerveja-estrangeira/cerveja-italiana-peroni-nastro-azzurro-0.33l/3669805.html?utm_campaign=&utm_content=&utm_source=aw&utm_medium=affiliate_feed&utm_term=', 'item_group_id': '', 'availability': 'in stock', 'condition': '', 'shipping': [], 'last_update': '2025-04-13 13:18:10'}]",[]
8480017273574,CERVEZA LAGER,,,,,,,,,[],,,,,,,,,,,,,,,,,,[],[],,[],[]
8480017282880,CERVEZA DORADA LATA,,,,,,,,,[],,,,,,,,,,,,,,,,,,[],[],,[],[]
8480017293749,CERVEZA LAGER,,,,,,,,,[],,,,,,,,,,,,,,,,,,[],[],,[],[]
8480017306913,CERVEZA LAGER PET,,,,,,,,,[],,,,,,,,,,,,,,,,,,[],[],,[],[]
8712000025649,CERVEZA HEINEKEN BARRIL 5lt,EAN-13 8712000025649,326114646.0,,,Cerveja Heineken Barril 5L Heineken,"Food, Beverages & Tobacco",Heineken,Heineken,[],,Alcool,,,,,,,,,5 L,,,,,,"Cerveja do estilo premium american lager, esta é uma das cervejas mais famosas e vendidas no mundo. cerveja caracteristicamente refrescante, possui teor alcolico de 5%, com espuma branca e boa duraço.",[],['https://images.barcodelookup.com/21063/210631910-1.jpg'],2025-04-15 02:15:09,"[{'name': 'Auchan PRM _PT', 'country': 'EU', 'currency': 'EUR', 'currency_symbol': '€', 'price': '14.49', 'sale_price': '', 'tax': [], 'link': 'https://www.auchan.pt/pt/bebidas-e-garrafeira/cervejas/cerveja-estrangeira/cerveja-heineken-barril-5l/707729.html', 'item_group_id': '', 'availability': 'in stock', 'condition': '', 'shipping': [], 'last_update': '2022-08-24 21:36:38'}, {'name': 'Idealo ES', 'country': 'EU', 'currency': 'EUR', 'currency_symbol': '€', 'price': '17.85', 'sale_price': '', 'tax': [], 'link': 'https://www.idealo.es/precios/5610976.html?utm_medium=affiliate&utm_source=zanoxes&utm_campaign=!!!id!!!&utm_content=feed&camp=zanoxes', 'item_group_id': '', 'availability': '', 'condition': '', 'shipping': [], 'last_update': '2021-06-22 04:04:50'}, {'name': 'Auchan Retail Portugal', 'country': 'EU', 'currency': 'EUR', 'currency_symbol': '€', 'price': '17.99', 'sale_price': '', 'tax': [], 'link': 'https://www.auchan.pt/pt/bebidas-e-garrafeira/cervejas-e-sidras/cerveja-estrangeira/cerveja-heineken-barril-5l/707729.html?utm_campaign=&utm_content=&utm_source=aw&utm_medium=affiliate_feed&utm_term=', 'item_group_id': '', 'availability': 'in stock', 'condition': '', 'shipping': [], 'last_update': '2025-04-13 13:18:36'}]",[]
8712000900045,CERVEZA HEINEKEN LATA 473cc.,EAN-13 8712000900045,1032.0,1032.0,B003D01OE0,Heineken Beer - Relief Piensa En Verde Club,"Food, Beverages & Tobacco",Heineken,Heineken,[],,"Eau, Malt D'orge, Extraits De Houblon, Alcool.","Energy 42 kcal (176 kJ), Carbohydrates 3.2 g, Salt 0.01 g.",,,,,,,,,,,,119.0,,"Heineken Beer - Relief Piensa En Verde Club. Allergens: En:gluten. Country of origin: France,Poland,Singapore,Spain.","['Heineken Extra Cold Beer Glasses, Set Of 6 Pieces Each With 0,3 Litre, New, Half Pint', 'Half Pint']",['https://images.barcodelookup.com/4381/43814057-1.jpg'],2024-06-22 11:40:09,"[{'name': 'Auchan Retail Portugal', 'country': 'EU', 'currency': 'EUR', 'currency_symbol': '€', 'price': '1.29', 'sale_price': '', 'tax': [], 'link': 'https://www.auchan.pt/pt/bebidas-e-garrafeira/cervejas-e-sidras/cerveja-estrangeira/cerveja-heineken-lata-0.50l/3595197.html?utm_campaign=&utm_content=&utm_source=aw&utm_medium=affiliate_feed&utm_term=', 'item_group_id': '', 'availability': 'in stock', 'condition': '', 'shipping': [], 'last_update': '2025-04-13 13:18:46'}, {'name': 'Polski koszyk PL', 'country': 'PL', 'currency': 'PLN', 'currency_symbol': 'zł', 'price': '4.09', 'sale_price': '', 'tax': [], 'link': 'https://polskikoszyk.pl/heineken-500-ml.html', 'item_group_id': '', 'availability': '', 'condition': '', 'shipping': [], 'last_update': '2022-04-05 19:34:57'}]",[]
8712000900540,CERVEZA HEINEKEN LATA 354cc,,,,,,,,,[],,,,,,,,,,,,,,,,,,[],[],,[],[]
8718104900110,CERVEZA RUBIA STRONG 12 ORANJEBOOM LATA X 500 CC,EAN-13 8718104900110,,,,Birra Oranjeboom,"Food, Beverages & Tobacco",,,[],,,,,,,,,,,,,,,,,Birra oranjeboom. Country of origin: Italy.,[],['https://images.barcodelookup.com/81641/816418488-1.jpg'],2023-10-20 18:21:04,[],[]
8718104902343,CERVEZA RUBIA ORIGINAL ORANJEBOOM LATA X 500 CC.,,,,,,,,,[],,,,,,,,,,,,,,,,,,[],[],,[],[]
8725000183646,CERVEZA NEGRA WEIDMANN PILSENER LATA X 500 CC,,,,,,,,,[],,,,,,,,,,,,,,,,,,[],[],,[],[]
